employee_id,manager_id,grade,hire_date,exit_date,tenure_days,event_observed
E00000,M0001,4,2025-08-08,2026-04-15,250,1
E00001,M0080,4,2024-11-10,,660,0
E00002,M0097,1,2024-06-25,,798,0
E00003,M0160,2,2022-02-07,,1667,0
E00004,M0065,2,2024-09-30,2025-04-22,204,1
E00005,M0045,4,2024-05-30,,824,0
E00006,M0133,2,2022-11-04,,1397,0
E00007,M0158,2,2022-08-10,2023-10-02,418,1
E00008,M0126,2,2022-12-11,,1360,0
E00009,M0175,2,2024-01-05,,970,0
E00010,M0163,1,2026-03-17,,168,0
E00011,M0166,5,2024-07-02,2024-12-04,155,1
E00012,M0098,2,2022-02-23,2022-08-08,166,1
E00013,M0178,2,2025-09-15,,351,0
E00014,M0099,1,2024-11-07,,663,0
E00015,M0065,3,2025-11-11,,294,0
E00016,M0080,1,2022-07-10,2025-10-07,1185,1
E00017,M0042,1,2023-06-17,,1172,0
E00018,M0089,4,2025-04-14,,505,0
E00019,M0160,2,2026-04-28,,126,0
E00020,M0023,2,2024-07-30,2024-10-29,91,1
E00021,M0046,1,2024-08-21,2026-01-03,500,1
E00022,M0142,1,2022-01-12,2024-11-03,1026,1
E00023,M0132,2,2025-04-30,2025-11-13,197,1
E00024,M0100,1,2022-01-22,2025-07-27,1282,1
E00025,M0121,1,2023-01-18,,1322,0
E00026,M0099,2,2025-12-21,,254,0
E00027,M0070,2,2021-11-28,2022-01-23,56,1
E00028,M0111,1,2026-05-22,,102,0
E00029,M0144,2,2026-07-27,,36,0
E00030,M0015,1,2024-12-02,2026-05-18,532,1
E00031,M0076,2,2025-02-03,,575,0
E00032,M0179,1,2023-06-01,,1188,0
E00033,M0126,3,2021-11-21,2022-01-12,52,1
E00034,M0096,1,2022-07-23,2024-07-09,717,1
E00035,M0046,3,2022-05-02,,1583,0
E00036,M0100,2,2023-08-23,,1105,0
E00037,M0051,1,2024-11-21,,649,0
E00038,M0132,3,2023-03-11,2023-06-22,103,1
E00039,M0043,1,2024-06-23,2024-08-16,54,1
E00040,M0163,2,2025-02-12,,566,0
E00041,M0038,3,2025-02-12,2025-10-21,251,1
E00042,M0178,1,2026-07-03,,60,0
E00043,M0079,4,2021-09-18,2025-07-26,1407,1
E00044,M0057,1,2021-11-04,2022-02-19,107,1
E00045,M0131,2,2021-09-17,2024-03-18,913,1
E00046,M0077,3,2024-07-21,2025-03-09,231,1
E00047,M0026,1,2026-06-30,,63,0
E00048,M0070,1,2022-03-22,2022-07-04,104,1
E00049,M0166,1,2025-10-21,,315,0
E00050,M0072,3,2024-12-28,2026-01-20,388,1
E00051,M0169,2,2026-08-23,,9,0
E00052,M0062,1,2024-08-16,2025-09-20,400,1
E00053,M0003,2,2024-09-22,,709,0
E00054,M0052,1,2023-01-09,,1331,0
E00055,M0089,3,2024-01-11,,964,0
E00056,M0125,1,2024-12-20,,620,0
E00057,M0018,2,2022-03-03,,1643,0
E00058,M0117,4,2026-01-16,,228,0
E00059,M0172,2,2024-12-04,,636,0
E00060,M0140,2,2021-12-25,,1711,0
E00061,M0105,2,2026-05-17,,107,0
E00062,M0149,2,2024-12-10,2025-11-24,349,1
E00063,M0047,2,2024-11-10,2024-11-22,12,1
E00064,M0004,1,2026-01-13,,231,0
E00065,M0066,2,2023-02-19,,1290,0
E00066,M0136,1,2022-02-05,2023-12-20,683,1
E00067,M0039,1,2022-07-18,2022-10-29,103,1
E00068,M0080,2,2023-02-08,,1301,0
E00069,M0022,4,2023-10-12,,1055,0
E00070,M0024,3,2022-02-20,2026-06-20,1581,1
E00071,M0110,5,2024-04-27,2024-06-09,43,1
E00072,M0129,2,2023-04-14,2026-02-22,1045,1
E00073,M0038,2,2022-07-20,2022-11-26,129,1
E00074,M0049,3,2024-01-31,2024-08-23,205,1
E00075,M0086,4,2023-01-03,,1337,0
E00076,M0178,2,2025-06-19,,439,0
E00077,M0075,1,2025-07-05,,423,0
E00078,M0011,3,2024-11-26,2024-11-30,4,1
E00079,M0018,2,2021-09-24,2022-09-22,363,1
E00080,M0070,1,2023-01-24,,1316,0
E00081,M0173,3,2023-09-06,,1091,0
E00082,M0071,2,2022-11-14,,1387,0
E00083,M0116,3,2024-01-03,,972,0
E00084,M0172,2,2024-12-25,,615,0
E00085,M0099,5,2024-09-19,,712,0
E00086,M0081,4,2026-03-10,,175,0
E00087,M0156,1,2025-10-10,,326,0
E00088,M0042,1,2023-11-30,,1006,0
E00089,M0126,2,2021-11-21,,1745,0
E00090,M0015,2,2022-08-18,2023-10-23,431,1
E00091,M0122,3,2024-10-02,2025-02-20,141,1
E00092,M0044,2,2025-12-06,,269,0
E00093,M0066,1,2025-06-16,,442,0
E00094,M0130,1,2023-07-27,,1132,0
E00095,M0069,3,2025-12-19,,256,0
E00096,M0093,1,2023-03-05,,1276,0
E00097,M0147,2,2022-03-03,,1643,0
E00098,M0160,4,2022-01-07,2022-03-24,76,1
E00099,M0077,5,2026-08-06,,26,0
E00100,M0035,4,2023-06-04,2024-01-26,236,1
E00101,M0097,4,2022-06-06,2022-12-05,182,1
E00102,M0058,1,2025-01-24,,585,0
E00103,M0156,4,2024-11-09,2025-06-25,228,1
E00104,M0165,3,2023-09-22,,1075,0
E00105,M0012,3,2022-10-08,2023-01-01,85,1
E00106,M0104,1,2025-08-03,,394,0
E00107,M0054,1,2021-09-17,,1810,0
E00108,M0090,2,2025-06-07,,451,0
E00109,M0152,4,2023-04-12,2023-08-06,116,1
E00110,M0048,2,2023-07-18,,1141,0
E00111,M0024,2,2021-12-09,2022-01-11,33,1
E00112,M0176,1,2022-03-30,,1616,0
E00113,M0157,1,2021-10-23,,1774,0
E00114,M0106,5,2023-05-09,,1211,0
E00115,M0038,4,2025-10-07,2025-10-27,20,1
E00116,M0162,2,2021-09-26,,1801,0
E00117,M0138,2,2023-07-21,2024-02-26,220,1
E00118,M0099,1,2026-07-27,,36,0
E00119,M0141,1,2025-06-12,2025-12-13,184,1
E00120,M0023,1,2026-05-30,,94,0
E00121,M0005,3,2023-10-14,,1053,0
E00122,M0052,4,2021-10-12,,1785,0
E00123,M0063,1,2025-02-05,,573,0
E00124,M0075,5,2023-07-25,2024-02-26,216,1
E00125,M0156,4,2023-04-22,,1228,0
E00126,M0099,3,2022-12-08,2025-06-24,929,1
E00127,M0172,3,2023-12-12,2024-04-15,125,1
E00128,M0049,3,2021-12-01,,1735,0
E00129,M0064,1,2026-02-25,2026-08-20,176,1
E00130,M0042,5,2023-08-03,2025-11-28,848,1
E00131,M0122,2,2022-01-30,2024-05-24,845,1
E00132,M0176,3,2022-01-12,2022-01-16,4,1
E00133,M0071,2,2023-07-24,,1135,0
E00134,M0046,2,2023-04-17,,1233,0
E00135,M0071,1,2026-01-11,,233,0
E00136,M0086,1,2025-10-01,,335,0
E00137,M0015,1,2024-01-01,,974,0
E00138,M0066,4,2024-09-04,,727,0
E00139,M0020,3,2023-01-16,2025-10-27,1015,1
E00140,M0077,2,2025-07-15,,413,0
E00141,M0147,1,2024-09-03,,728,0
E00142,M0170,1,2022-12-30,2023-02-08,40,1
E00143,M0079,1,2024-09-23,,708,0
E00144,M0099,3,2022-09-09,,1453,0
E00145,M0099,2,2021-11-06,,1760,0
E00146,M0159,1,2024-07-26,,767,0
E00147,M0060,2,2022-10-15,2023-12-26,437,1
E00148,M0045,3,2022-11-15,,1386,0
E00149,M0110,1,2026-07-10,,53,0
E00150,M0029,3,2024-08-06,2026-06-21,684,1
E00151,M0111,1,2025-11-27,,278,0
E00152,M0011,2,2023-03-20,2023-05-17,58,1
E00153,M0143,1,2026-05-07,2026-07-21,75,1
E00154,M0090,1,2024-11-08,,662,0
E00155,M0157,1,2023-09-28,2024-10-12,380,1
E00156,M0142,4,2024-08-05,,757,0
E00157,M0023,3,2025-02-27,,551,0
E00158,M0052,1,2026-09-01,,0,0
E00159,M0027,5,2025-04-19,,500,0
E00160,M0041,3,2023-12-21,2024-07-20,212,1
E00161,M0040,3,2023-03-27,2023-07-18,113,1
E00162,M0056,2,2026-04-26,,128,0
E00163,M0047,3,2025-01-24,,585,0
E00164,M0107,2,2024-05-24,2025-01-08,229,1
E00165,M0118,3,2025-01-13,,596,0
E00166,M0015,2,2021-11-03,2023-12-17,774,1
E00167,M0071,4,2026-04-06,,148,0
E00168,M0114,1,2025-06-27,,431,0
E00169,M0067,2,2023-02-19,2026-08-30,1288,1
E00170,M0046,3,2022-02-07,2022-05-02,84,1
E00171,M0018,2,2022-02-12,2023-10-18,613,1
E00172,M0057,2,2023-01-22,,1318,0
E00173,M0136,2,2022-03-31,2022-04-04,4,1
E00174,M0020,2,2022-04-04,2023-09-26,540,1
E00175,M0146,2,2026-02-11,,202,0
E00176,M0171,1,2023-01-27,,1313,0
E00177,M0141,1,2022-07-27,2022-08-12,16,1
E00178,M0098,1,2023-11-14,,1022,0
E00179,M0020,2,2026-05-20,,104,0
E00180,M0108,2,2021-10-03,2026-01-01,1551,1
E00181,M0094,5,2026-02-24,,189,0
E00182,M0167,1,2024-05-12,2024-11-03,175,1
E00183,M0020,3,2022-04-19,,1596,0
E00184,M0087,2,2023-03-02,2023-05-29,88,1
E00185,M0149,1,2023-05-24,2023-11-27,187,1
E00186,M0065,5,2024-08-22,,740,0
E00187,M0027,4,2022-11-01,,1400,0
E00188,M0026,5,2023-10-24,,1043,0
E00189,M0103,4,2025-12-15,,260,0
E00190,M0090,3,2026-08-28,,4,0
E00191,M0096,4,2022-05-21,,1564,0
E00192,M0068,5,2024-06-11,,812,0
E00193,M0147,2,2025-09-11,,355,0
E00194,M0160,3,2026-08-21,,11,0
E00195,M0102,4,2023-05-22,2024-12-10,568,1
E00196,M0136,2,2023-11-24,,1012,0
E00197,M0032,2,2023-01-12,2023-03-22,69,1
E00198,M0082,2,2026-01-06,,238,0
E00199,M0050,3,2023-10-21,2025-05-05,562,1
E00200,M0048,1,2022-06-26,2022-11-25,152,1
E00201,M0165,2,2022-01-21,,1684,0
E00202,M0144,5,2024-03-09,2025-02-20,348,1
E00203,M0077,3,2022-06-08,2022-06-21,13,1
E00204,M0029,3,2024-09-17,,714,0
E00205,M0141,5,2023-02-23,,1286,0
E00206,M0113,2,2023-05-13,,1207,0
E00207,M0024,4,2024-06-07,2026-07-29,782,1
E00208,M0082,1,2026-01-05,,239,0
E00209,M0001,1,2022-03-20,,1626,0
E00210,M0068,1,2022-05-14,,1571,0
E00211,M0178,3,2022-12-15,,1356,0
E00212,M0087,4,2025-08-30,,367,0
E00213,M0172,3,2025-02-22,,556,0
E00214,M0011,2,2026-05-23,,101,0
E00215,M0041,1,2024-10-16,2026-03-25,525,1
E00216,M0127,3,2023-10-29,,1038,0
E00217,M0081,3,2022-05-02,2023-10-03,519,1
E00218,M0071,4,2023-03-21,2024-06-11,448,1
E00219,M0097,4,2025-05-10,,479,0
E00220,M0107,2,2022-10-22,2024-12-29,799,1
E00221,M0176,4,2022-12-27,,1344,0
E00222,M0170,2,2024-01-06,2024-02-14,39,1
E00223,M0151,2,2025-10-31,2026-01-29,90,1
E00224,M0009,4,2024-06-04,2025-02-14,255,1
E00225,M0121,4,2024-11-22,2026-07-09,594,1
E00226,M0177,2,2026-03-06,,179,0
E00227,M0147,2,2021-10-25,,1772,0
E00228,M0129,1,2024-11-09,2026-05-29,566,1
E00229,M0117,3,2023-09-16,2024-02-13,150,1
E00230,M0073,2,2026-01-06,,238,0
E00231,M0032,1,2026-03-06,,179,0
E00232,M0075,2,2024-06-20,,803,0
E00233,M0016,3,2022-09-03,,1459,0
E00234,M0176,2,2023-08-11,,1117,0
E00235,M0063,2,2024-12-09,,631,0
E00236,M0135,1,2025-08-07,,390,0
E00237,M0033,1,2025-07-09,2026-06-01,327,1
E00238,M0073,2,2023-06-29,2024-04-10,286,1
E00239,M0097,4,2024-03-08,,907,0
E00240,M0019,1,2024-10-03,2026-06-14,619,1
E00241,M0161,1,2024-09-30,,701,0
E00242,M0084,3,2023-04-24,,1226,0
E00243,M0133,3,2026-05-20,,104,0
E00244,M0097,3,2023-02-08,2023-02-14,6,1
E00245,M0130,2,2024-04-23,,861,0
E00246,M0110,3,2023-09-30,,1067,0
E00247,M0139,2,2026-07-12,,51,0
E00248,M0071,1,2024-07-09,,784,0
E00249,M0122,1,2026-01-16,2026-02-16,31,1
E00250,M0164,1,2026-07-20,2026-07-30,10,1
E00251,M0080,1,2023-09-05,,1092,0
E00252,M0099,3,2022-08-13,,1480,0
E00253,M0176,4,2023-11-30,,1006,0
E00254,M0018,3,2026-04-01,,153,0
E00255,M0051,4,2022-11-06,2023-07-06,242,1
E00256,M0173,2,2022-10-25,,1407,0
E00257,M0068,2,2023-01-02,,1338,0
E00258,M0122,2,2023-11-13,2024-03-22,130,1
E00259,M0101,5,2025-05-01,,488,0
E00260,M0144,2,2024-11-18,,652,0
E00261,M0053,1,2024-01-02,,973,0
E00262,M0028,2,2022-05-30,2024-08-11,804,1
E00263,M0126,2,2023-06-07,,1182,0
E00264,M0022,1,2023-11-07,2025-04-26,536,1
E00265,M0055,3,2022-05-17,2025-05-07,1086,1
E00266,M0116,1,2023-01-04,2024-06-02,515,1
E00267,M0087,1,2025-08-10,,387,0
E00268,M0173,2,2026-06-17,,76,0
E00269,M0051,2,2026-08-06,,26,0
E00270,M0133,1,2023-02-07,2023-03-07,28,1
E00271,M0138,1,2022-05-13,,1572,0
E00272,M0121,5,2024-11-01,,669,0
E00273,M0039,2,2026-04-18,,136,0
E00274,M0068,2,2022-06-03,,1551,0
E00275,M0020,1,2026-09-01,,0,0
E00276,M0011,1,2023-08-21,2023-09-03,13,1
E00277,M0099,1,2022-11-02,,1399,0
E00278,M0137,1,2023-07-05,2026-08-24,1146,1
E00279,M0153,3,2024-05-14,2024-07-14,61,1
E00280,M0080,1,2022-02-03,,1671,0
E00281,M0172,2,2024-03-08,2025-12-06,638,1
E00282,M0093,1,2025-02-15,2025-03-23,36,1
E00283,M0179,2,2026-02-16,2026-04-19,62,1
E00284,M0018,4,2025-10-20,,316,0
E00285,M0128,2,2026-01-05,,239,0
E00286,M0085,2,2024-03-09,2024-07-05,118,1
E00287,M0101,2,2024-07-31,2026-05-19,657,1
E00288,M0112,2,2021-09-28,2021-10-17,19,1
E00289,M0009,4,2023-02-05,,1304,0
E00290,M0021,3,2021-10-02,2021-11-29,58,1
E00291,M0107,3,2024-04-30,,854,0
E00292,M0000,2,2026-08-12,,20,0
E00293,M0006,2,2023-07-06,2023-08-31,56,1
E00294,M0170,1,2022-03-16,,1630,0
E00295,M0144,2,2025-09-22,2025-10-27,35,1
E00296,M0007,4,2025-10-28,,308,0
E00297,M0128,1,2023-11-16,2026-05-20,916,1
E00298,M0000,1,2024-08-05,2025-08-26,386,1
E00299,M0149,4,2024-11-28,,642,0
E00300,M0128,3,2026-05-21,,103,0
E00301,M0038,1,2025-11-04,,301,0
E00302,M0071,2,2025-04-14,,505,0
E00303,M0147,4,2022-09-07,2024-05-26,627,1
E00304,M0046,3,2023-10-28,,1039,0
E00305,M0114,1,2022-11-02,,1399,0
E00306,M0095,1,2022-09-03,2022-10-23,50,1
E00307,M0011,3,2024-08-23,2024-11-07,76,1
E00308,M0148,1,2022-03-19,2023-07-25,493,1
E00309,M0001,1,2026-03-16,,169,0
E00310,M0069,4,2021-11-05,,1761,0
E00311,M0093,1,2024-10-23,2025-01-25,94,1
E00312,M0079,1,2024-07-22,,771,0
E00313,M0042,3,2022-05-28,2022-06-04,7,1
E00314,M0159,1,2024-02-14,2024-06-04,111,1
E00315,M0170,3,2023-05-04,2025-04-01,698,1
E00316,M0049,3,2021-11-04,2024-12-24,1146,1
E00317,M0111,1,2025-01-01,,608,0
E00318,M0016,3,2021-12-24,,1712,0
E00319,M0109,1,2024-01-11,,964,0
E00320,M0156,2,2021-12-05,,1731,0
E00321,M0127,3,2021-12-06,2021-12-24,18,1
E00322,M0133,5,2021-12-31,2022-06-24,175,1
E00323,M0003,2,2026-04-12,,142,0
E00324,M0045,3,2024-08-16,2024-09-07,22,1
E00325,M0046,1,2025-02-13,,565,0
E00326,M0178,3,2024-10-23,,678,0
E00327,M0085,2,2023-01-08,2023-01-28,20,1
E00328,M0094,1,2024-09-06,,725,0
E00329,M0066,3,2022-02-20,,1654,0
E00330,M0035,1,2022-04-18,2023-06-06,414,1
E00331,M0006,4,2022-06-01,2023-02-28,272,1
E00332,M0100,2,2022-04-28,2023-02-05,283,1
E00333,M0141,2,2025-02-22,,556,0
E00334,M0168,3,2022-12-21,,1350,0
E00335,M0156,4,2022-07-18,2022-10-17,91,1
E00336,M0049,2,2024-09-04,,727,0
E00337,M0103,2,2026-01-10,2026-03-02,51,1
E00338,M0119,2,2024-12-17,2026-06-19,549,1
E00339,M0001,5,2023-07-29,,1130,0
E00340,M0054,3,2025-11-22,2026-03-11,109,1
E00341,M0019,1,2023-11-22,2025-04-10,505,1
E00342,M0158,1,2023-07-18,2023-09-17,61,1
E00343,M0003,2,2026-07-16,,47,0
E00344,M0168,3,2022-09-23,2026-03-07,1261,1
E00345,M0178,2,2023-11-13,,1023,0
E00346,M0102,4,2025-06-30,,428,0
E00347,M0009,1,2024-04-15,2024-05-23,38,1
E00348,M0147,1,2021-10-29,,1768,0
E00349,M0076,1,2025-11-04,2026-04-18,165,1
E00350,M0056,3,2021-11-13,2024-01-22,800,1
E00351,M0161,4,2026-02-04,,209,0
E00352,M0024,2,2025-11-28,,277,0
E00353,M0111,1,2024-12-11,,629,0
E00354,M0091,1,2024-12-01,2026-01-22,417,1
E00355,M0122,4,2024-12-21,2025-02-28,69,1
E00356,M0149,3,2025-06-12,,446,0
E00357,M0177,2,2025-09-01,,365,0
E00358,M0142,2,2026-01-03,,241,0
E00359,M0157,1,2025-04-06,2025-11-13,221,1
E00360,M0162,2,2026-02-16,,197,0
E00361,M0075,5,2026-04-20,,134,0
E00362,M0106,5,2026-04-03,,151,0
E00363,M0070,2,2025-05-22,,467,0
E00364,M0178,4,2024-09-08,2025-05-30,264,1
E00365,M0056,1,2025-06-14,2026-05-03,323,1
E00366,M0008,2,2025-02-02,,576,0
E00367,M0166,4,2024-01-29,2025-10-25,635,1
E00368,M0094,1,2022-03-27,,1619,0
E00369,M0077,1,2023-10-10,,1057,0
E00370,M0158,4,2023-06-23,,1166,0
E00371,M0085,2,2025-11-08,,297,0
E00372,M0105,2,2025-08-01,,396,0
E00373,M0163,3,2022-05-12,2023-05-30,383,1
E00374,M0068,1,2023-02-28,,1281,0
E00375,M0144,4,2025-08-20,2026-02-05,169,1
E00376,M0077,4,2022-01-15,,1690,0
E00377,M0176,2,2025-06-07,2025-12-14,190,1
E00378,M0002,1,2025-06-02,2025-06-14,12,1
E00379,M0140,2,2025-03-25,,525,0
E00380,M0157,3,2025-11-11,,294,0
E00381,M0036,1,2024-11-03,2025-10-11,342,1
E00382,M0004,3,2025-07-05,2025-07-22,17,1
E00383,M0145,1,2022-08-08,,1485,0
E00384,M0091,2,2021-09-28,,1799,0
E00385,M0099,2,2022-07-24,,1500,0
E00386,M0131,5,2025-05-25,,464,0
E00387,M0110,5,2022-05-17,2023-05-17,365,1
E00388,M0028,1,2023-01-30,2023-05-25,115,1
E00389,M0009,4,2023-09-14,,1083,0
E00390,M0088,3,2023-11-14,2025-08-20,645,1
E00391,M0021,2,2023-04-12,2026-08-06,1212,1
E00392,M0176,3,2025-12-23,,252,0
E00393,M0068,1,2021-11-28,2021-11-30,2,1
E00394,M0094,1,2024-06-13,,810,0
E00395,M0128,1,2021-11-14,2022-03-05,111,1
E00396,M0020,1,2022-11-12,,1389,0
E00397,M0114,1,2022-08-08,,1485,0
E00398,M0132,1,2022-08-23,2024-12-28,858,1
E00399,M0030,3,2024-03-28,2024-03-30,2,1
E00400,M0021,3,2022-04-25,2025-10-16,1270,1
E00401,M0014,1,2025-07-07,,421,0
E00402,M0107,1,2026-07-22,,41,0
E00403,M0162,1,2024-01-26,,949,0
E00404,M0007,2,2023-12-07,,999,0
E00405,M0101,4,2022-11-07,,1394,0
E00406,M0106,2,2026-08-22,,10,0
E00407,M0043,4,2025-09-02,2026-02-25,176,1
E00408,M0131,5,2023-08-19,2024-08-17,364,1
E00409,M0076,1,2025-02-09,,569,0
E00410,M0066,1,2026-06-16,2026-08-23,68,1
E00411,M0055,2,2023-10-23,,1044,0
E00412,M0033,2,2025-06-16,,442,0
E00413,M0127,4,2024-06-23,,800,0
E00414,M0042,1,2024-06-05,,818,0
E00415,M0099,2,2023-06-25,,1164,0
E00416,M0130,3,2025-10-11,,325,0
E00417,M0102,3,2024-12-12,,628,0
E00418,M0017,3,2025-05-19,,470,0
E00419,M0090,2,2023-10-05,2024-04-30,208,1
E00420,M0116,2,2022-04-02,,1613,0
E00421,M0110,1,2024-01-09,,966,0
E00422,M0145,2,2025-07-28,,400,0
E00423,M0173,2,2026-05-25,,99,0
E00424,M0143,4,2025-02-28,2025-06-28,120,1
E00425,M0163,2,2021-11-17,2023-06-13,573,1
E00426,M0123,1,2026-07-09,,54,0
E00427,M0156,2,2024-02-12,2025-07-05,509,1
E00428,M0053,5,2021-09-28,2024-06-28,1004,1
E00429,M0066,5,2024-09-26,2026-08-27,700,1
E00430,M0024,2,2022-05-27,2022-09-24,120,1
E00431,M0175,1,2022-07-23,,1501,0
E00432,M0003,3,2024-09-05,,726,0
E00433,M0014,1,2026-06-28,,65,0
E00434,M0043,2,2026-06-09,,84,0
E00435,M0077,2,2025-10-29,,307,0
E00436,M0088,2,2025-08-13,,384,0
E00437,M0125,1,2024-03-17,,898,0
E00438,M0120,1,2023-05-29,2023-07-10,42,1
E00439,M0108,2,2022-02-27,2022-03-01,2,1
E00440,M0179,3,2025-02-08,,570,0
E00441,M0090,2,2026-07-15,,48,0
E00442,M0125,2,2022-05-21,,1564,0
E00443,M0099,3,2022-11-06,,1395,0
E00444,M0163,2,2025-09-16,,350,0
E00445,M0166,3,2025-06-04,2025-08-06,63,1
E00446,M0046,1,2022-07-08,,1516,0
E00447,M0095,2,2024-10-16,2024-10-26,10,1
E00448,M0080,3,2023-10-02,,1065,0
E00449,M0106,1,2025-10-09,,327,0
E00450,M0143,1,2024-01-30,,945,0
E00451,M0069,2,2023-01-02,2024-12-11,709,1
E00452,M0042,3,2025-09-26,,340,0
E00453,M0125,1,2026-03-15,,170,0
E00454,M0173,2,2024-04-14,,870,0
E00455,M0135,2,2022-04-04,,1611,0
E00456,M0070,2,2023-08-07,,1121,0
E00457,M0030,2,2024-03-24,,891,0
E00458,M0145,2,2022-08-17,2025-03-05,931,1
E00459,M0057,1,2022-04-08,,1607,0
E00460,M0017,1,2025-01-23,2025-04-06,73,1
E00461,M0161,2,2026-02-02,,211,0
E00462,M0042,2,2022-05-09,2023-08-11,459,1
E00463,M0114,2,2024-03-16,,899,0
E00464,M0122,1,2022-05-03,2022-05-06,3,1
E00465,M0071,3,2024-04-26,,858,0
E00466,M0150,3,2023-02-26,2024-05-31,460,1
E00467,M0125,1,2025-01-11,2025-09-09,241,1
E00468,M0172,3,2026-08-05,,27,0
E00469,M0145,2,2024-07-09,2026-05-23,683,1
E00470,M0105,4,2023-01-13,2023-03-20,66,1
E00471,M0061,5,2026-08-12,,20,0
E00472,M0160,4,2023-02-22,,1287,0
E00473,M0179,5,2025-11-23,,282,0
E00474,M0029,3,2023-01-06,2023-05-04,118,1
E00475,M0065,1,2024-03-10,2024-08-13,156,1
E00476,M0173,3,2022-08-11,,1482,0
E00477,M0173,2,2024-05-19,,835,0
E00478,M0073,2,2022-05-09,2023-10-01,510,1
E00479,M0046,1,2025-11-27,,278,0
E00480,M0162,1,2025-05-05,,484,0
E00481,M0097,3,2026-05-19,,105,0
E00482,M0068,1,2022-06-15,,1539,0
E00483,M0074,1,2023-11-10,,1026,0
E00484,M0024,3,2023-06-05,2025-04-09,674,1
E00485,M0105,2,2023-11-20,2023-11-26,6,1
E00486,M0024,1,2025-08-12,2026-02-18,190,1
E00487,M0021,2,2023-04-04,2023-04-18,14,1
E00488,M0018,2,2026-06-21,,72,0
E00489,M0161,3,2023-05-07,,1213,0
E00490,M0015,1,2023-01-07,,1333,0
E00491,M0075,2,2023-11-27,2023-12-07,10,1
E00492,M0063,1,2025-04-30,,489,0
E00493,M0091,2,2026-08-20,,12,0
E00494,M0102,3,2025-09-26,,340,0
E00495,M0070,2,2024-10-20,,681,0
E00496,M0103,2,2021-10-03,,1794,0
E00497,M0041,2,2026-05-17,,107,0
E00498,M0134,3,2026-08-15,,17,0
E00499,M0039,1,2026-06-04,,89,0
E00500,M0021,4,2023-08-14,2024-09-09,392,1
E00501,M0129,2,2022-12-23,,1348,0
E00502,M0049,1,2023-09-19,,1078,0
E00503,M0036,2,2026-06-01,,92,0
E00504,M0081,1,2024-06-05,2025-02-13,253,1
E00505,M0023,3,2021-12-01,,1735,0
E00506,M0095,1,2021-11-20,2022-10-09,323,1
E00507,M0009,1,2026-06-30,,63,0
E00508,M0143,4,2023-08-09,,1119,0
E00509,M0143,2,2023-04-26,2026-01-17,997,1
E00510,M0089,2,2023-02-09,,1300,0
E00511,M0033,1,2025-07-05,,423,0
E00512,M0114,1,2026-06-06,,87,0
E00513,M0014,2,2022-06-11,2023-12-13,550,1
E00514,M0023,1,2025-02-22,,556,0
E00515,M0046,3,2024-12-19,,621,0
E00516,M0045,1,2025-11-13,,292,0
E00517,M0039,1,2022-09-09,2022-10-15,36,1
E00518,M0113,2,2023-03-26,,1255,0
E00519,M0051,1,2021-12-11,,1725,0
E00520,M0138,2,2024-11-28,2025-01-03,36,1
E00521,M0084,1,2023-12-20,2026-04-06,838,1
E00522,M0092,3,2025-05-07,,482,0
E00523,M0045,3,2025-01-22,,587,0
E00524,M0028,2,2024-09-27,,704,0
E00525,M0143,2,2024-10-05,2025-01-12,99,1
E00526,M0145,1,2024-04-14,,870,0
E00527,M0016,2,2025-06-12,,446,0
E00528,M0107,1,2025-02-14,2026-06-23,494,1
E00529,M0058,2,2023-07-10,2026-03-22,986,1
E00530,M0061,1,2025-11-17,2026-01-18,62,1
E00531,M0110,2,2025-07-10,2025-12-01,144,1
E00532,M0049,2,2024-12-01,,639,0
E00533,M0073,1,2021-09-22,2024-03-06,896,1
E00534,M0039,2,2023-10-22,2023-10-31,9,1
E00535,M0046,1,2025-09-04,,362,0
E00536,M0059,1,2026-07-27,,36,0
E00537,M0068,4,2026-01-24,,220,0
E00538,M0056,4,2023-09-04,2024-03-09,187,1
E00539,M0041,2,2026-04-27,,127,0
E00540,M0039,3,2022-02-28,2022-10-16,230,1
E00541,M0039,1,2024-05-06,2024-05-29,23,1
E00542,M0147,3,2026-02-09,2026-06-15,126,1
E00543,M0122,2,2021-10-22,2022-01-30,100,1
E00544,M0068,2,2025-11-26,,279,0
E00545,M0067,2,2025-12-03,,272,0
E00546,M0144,5,2023-04-09,,1241,0
E00547,M0024,1,2026-07-06,2026-07-25,19,1
E00548,M0174,1,2023-01-24,,1316,0
E00549,M0087,3,2022-04-24,2022-06-28,65,1
E00550,M0122,1,2022-08-23,2023-05-12,262,1
E00551,M0094,3,2026-04-13,,141,0
E00552,M0145,1,2024-01-11,2025-09-27,625,1
E00553,M0164,3,2025-08-07,2025-10-16,70,1
E00554,M0110,2,2025-01-26,2025-04-24,88,1
E00555,M0021,1,2026-05-21,2026-07-14,54,1
E00556,M0087,1,2026-05-12,,112,0
E00557,M0011,1,2026-04-17,,137,0
E00558,M0071,3,2022-01-03,,1702,0
E00559,M0019,2,2023-05-10,2025-11-14,919,1
E00560,M0113,2,2025-12-09,,266,0
E00561,M0019,1,2021-10-25,2022-01-21,88,1
E00562,M0076,2,2024-01-26,2025-04-10,440,1
E00563,M0089,3,2023-06-06,2026-07-17,1137,1
E00564,M0153,2,2023-09-27,,1070,0
E00565,M0129,1,2025-08-11,,386,0
E00566,M0022,3,2023-08-19,,1109,0
E00567,M0048,2,2024-08-06,,756,0
E00568,M0178,3,2023-07-24,,1135,0
E00569,M0055,1,2023-05-07,,1213,0
E00570,M0048,4,2022-07-31,,1493,0
E00571,M0095,4,2022-10-31,2024-01-15,441,1
E00572,M0148,2,2022-07-16,2024-10-01,808,1
E00573,M0066,1,2022-07-30,2025-04-26,1001,1
E00574,M0131,3,2022-09-10,2023-05-24,256,1
E00575,M0102,2,2024-08-27,,735,0
E00576,M0168,2,2025-02-12,2025-04-28,75,1
E00577,M0001,1,2024-10-06,2025-04-12,188,1
E00578,M0146,2,2024-10-27,2026-02-13,474,1
E00579,M0075,4,2024-12-08,,632,0
E00580,M0014,1,2025-05-09,2026-07-19,436,1
E00581,M0045,1,2022-08-11,2025-06-02,1026,1
E00582,M0176,2,2022-05-13,,1572,0
E00583,M0059,1,2023-12-09,,997,0
E00584,M0128,2,2026-08-15,,17,0
E00585,M0081,2,2026-04-17,,137,0
E00586,M0172,2,2023-03-16,,1265,0
E00587,M0163,3,2023-09-18,2024-07-14,300,1
E00588,M0126,2,2023-01-09,,1331,0
E00589,M0086,1,2026-07-25,,38,0
E00590,M0110,2,2021-10-16,,1781,0
E00591,M0156,1,2025-10-28,2026-05-08,192,1
E00592,M0111,5,2026-05-27,2026-05-29,2,1
E00593,M0154,2,2023-04-27,,1223,0
E00594,M0098,1,2023-01-28,2025-02-05,739,1
E00595,M0087,1,2025-06-09,,449,0
E00596,M0106,5,2023-07-10,2024-08-28,415,1
E00597,M0102,3,2023-05-07,,1213,0
E00598,M0026,2,2024-11-09,,661,0
E00599,M0149,2,2023-07-19,,1140,0
E00600,M0038,2,2022-07-11,2023-09-01,417,1
E00601,M0150,4,2023-10-09,2024-05-19,223,1
E00602,M0158,3,2022-03-10,2023-12-10,640,1
E00603,M0079,3,2024-12-26,2024-12-26,0,1
E00604,M0066,1,2022-09-16,2024-07-29,682,1
E00605,M0125,2,2023-12-05,2025-06-08,551,1
E00606,M0044,1,2025-04-17,,502,0
E00607,M0150,5,2022-06-15,2022-10-09,116,1
E00608,M0145,3,2023-11-04,,1032,0
E00609,M0121,4,2022-01-30,,1675,0
E00610,M0173,2,2026-07-24,,39,0
E00611,M0006,5,2025-04-04,2026-04-23,384,1
E00612,M0014,2,2025-08-23,,374,0
E00613,M0098,4,2022-07-25,,1499,0
E00614,M0147,5,2025-03-24,,526,0
E00615,M0092,1,2026-02-18,2026-07-17,149,1
E00616,M0162,2,2023-12-04,,1002,0
E00617,M0125,2,2023-03-08,,1273,0
E00618,M0090,3,2024-04-12,2025-01-31,294,1
E00619,M0123,2,2022-01-27,2023-10-09,620,1
E00620,M0109,4,2022-10-03,2025-10-12,1105,1
E00621,M0087,1,2023-04-14,2023-08-17,125,1
E00622,M0002,1,2025-11-28,2026-03-02,94,1
E00623,M0089,1,2022-12-22,2026-04-02,1197,1
E00624,M0145,1,2025-12-28,,247,0
E00625,M0122,1,2024-10-21,2025-11-15,390,1
E00626,M0008,3,2024-11-11,,659,0
E00627,M0041,1,2023-11-15,2024-01-22,68,1
E00628,M0094,2,2026-01-27,,217,0
E00629,M0150,3,2026-04-09,,145,0
E00630,M0160,1,2024-02-10,,934,0
E00631,M0045,1,2023-08-02,,1126,0
E00632,M0058,1,2025-05-16,,473,0
E00633,M0076,3,2021-12-06,,1730,0
E00634,M0075,1,2024-03-27,2025-10-14,566,1
E00635,M0127,2,2024-03-22,,893,0
E00636,M0106,2,2024-07-05,2026-04-14,648,1
E00637,M0043,2,2024-05-02,,852,0
E00638,M0175,3,2026-05-15,,109,0
E00639,M0031,1,2022-12-14,,1357,0
E00640,M0119,2,2026-07-02,,61,0
E00641,M0080,3,2025-03-21,,529,0
E00642,M0159,3,2023-08-12,2024-01-28,169,1
E00643,M0103,3,2024-08-17,2024-09-05,19,1
E00644,M0001,1,2024-07-25,2025-02-07,197,1
E00645,M0102,4,2025-05-13,2026-02-25,288,1
E00646,M0133,5,2025-01-27,2026-02-21,390,1
E00647,M0113,2,2023-05-14,,1206,0
E00648,M0043,3,2022-06-30,2024-02-28,608,1
E00649,M0073,2,2023-02-13,2024-02-24,376,1
E00650,M0012,4,2022-05-04,,1581,0
E00651,M0148,5,2023-07-26,2025-11-08,836,1
E00652,M0095,2,2026-01-23,2026-08-16,205,1
E00653,M0100,4,2025-03-31,2025-05-30,60,1
E00654,M0069,4,2024-09-19,2026-07-23,672,1
E00655,M0152,5,2025-06-05,2026-03-25,293,1
E00656,M0052,1,2022-08-13,,1480,0
E00657,M0026,3,2026-04-26,,128,0
E00658,M0171,1,2026-08-01,,31,0
E00659,M0060,1,2024-06-07,,816,0
E00660,M0088,1,2023-02-06,2026-06-27,1237,1
E00661,M0023,1,2022-01-01,,1704,0
E00662,M0016,3,2022-12-08,,1363,0
E00663,M0125,5,2025-02-19,2025-08-20,182,1
E00664,M0146,2,2026-07-12,,51,0
E00665,M0034,5,2022-12-24,2023-01-13,20,1
E00666,M0105,3,2023-01-19,2025-10-03,988,1
E00667,M0160,4,2024-01-02,2024-03-28,86,1
E00668,M0049,3,2024-10-13,,688,0
E00669,M0089,2,2022-09-06,,1456,0
E00670,M0173,1,2023-09-17,,1080,0
E00671,M0121,3,2023-11-25,,1011,0
E00672,M0159,3,2026-05-12,,112,0
E00673,M0028,5,2026-03-23,,162,0
E00674,M0041,1,2024-07-02,,791,0
E00675,M0075,1,2026-08-30,,2,0
E00676,M0041,1,2026-09-01,,0,0
E00677,M0001,4,2023-01-24,,1316,0
E00678,M0056,1,2025-08-24,2026-01-01,130,1
E00679,M0170,1,2022-04-11,2023-03-10,333,1
E00680,M0006,1,2023-12-06,,1000,0
E00681,M0163,1,2025-04-02,,517,0
E00682,M0119,1,2023-06-27,,1162,0
E00683,M0087,2,2022-12-13,,1358,0
E00684,M0144,3,2025-10-30,,306,0
E00685,M0137,2,2023-08-23,2024-07-11,323,1
E00686,M0143,2,2024-12-29,2025-02-06,39,1
E00687,M0005,3,2024-08-26,,736,0
E00688,M0029,4,2024-06-05,2025-02-19,259,1
E00689,M0105,2,2022-07-19,,1505,0
E00690,M0138,3,2025-05-07,,482,0
E00691,M0047,3,2023-03-17,2024-03-11,360,1
E00692,M0058,2,2023-12-29,2024-03-27,89,1
E00693,M0176,1,2022-02-27,2024-10-12,958,1
E00694,M0126,3,2021-11-07,,1759,0
E00695,M0176,3,2025-07-19,2025-08-24,36,1
E00696,M0109,2,2022-09-25,2022-10-26,31,1
E00697,M0015,2,2022-07-17,,1507,0
E00698,M0101,3,2023-09-12,2026-07-19,1041,1
E00699,M0074,3,2022-04-19,,1596,0
E00700,M0051,3,2022-07-01,2022-12-01,153,1
E00701,M0175,3,2023-02-17,,1292,0
E00702,M0054,3,2023-12-02,2025-06-26,572,1
E00703,M0054,1,2025-11-22,,283,0
E00704,M0101,2,2026-04-02,,152,0
E00705,M0049,3,2022-06-21,,1533,0
E00706,M0055,2,2025-09-09,2025-11-14,66,1
E00707,M0147,5,2023-09-08,2024-07-08,304,1
E00708,M0177,1,2025-11-01,,304,0
E00709,M0120,1,2024-04-11,2024-08-07,118,1
E00710,M0018,4,2022-07-07,2023-06-02,330,1
E00711,M0163,3,2023-09-14,2023-12-13,90,1
E00712,M0166,2,2024-09-09,2026-02-04,513,1
E00713,M0029,4,2023-07-03,2024-06-09,342,1
E00714,M0178,2,2023-04-22,2023-06-27,66,1
E00715,M0020,1,2024-08-22,,740,0
E00716,M0003,2,2021-11-16,2025-01-21,1162,1
E00717,M0123,1,2024-07-13,2024-09-08,57,1
E00718,M0163,2,2026-06-30,,63,0
E00719,M0093,4,2026-06-22,,71,0
E00720,M0031,2,2022-12-27,2023-01-22,26,1
E00721,M0014,2,2024-04-03,,881,0
E00722,M0111,3,2022-02-23,2022-12-27,307,1
E00723,M0166,3,2025-11-29,2025-12-16,17,1
E00724,M0094,2,2023-06-21,,1168,0
E00725,M0119,5,2023-05-31,,1189,0
E00726,M0000,3,2022-08-17,2022-09-19,33,1
E00727,M0047,3,2024-09-20,,711,0
E00728,M0172,1,2024-11-29,,641,0
E00729,M0178,2,2022-03-31,,1615,0
E00730,M0154,1,2024-10-19,2024-11-07,19,1
E00731,M0150,5,2025-06-27,,431,0
E00732,M0043,3,2024-12-06,,634,0
E00733,M0161,1,2023-06-24,2024-01-23,213,1
E00734,M0032,1,2024-08-08,,754,0
E00735,M0159,1,2025-03-02,2025-03-06,4,1
E00736,M0126,2,2022-08-28,2025-09-21,1120,1
E00737,M0038,1,2024-10-02,2024-12-22,81,1
E00738,M0150,2,2021-10-01,2022-05-12,223,1
E00739,M0143,2,2026-02-13,,200,0
E00740,M0013,3,2024-03-11,2024-03-13,2,1
E00741,M0014,3,2026-06-11,,82,0
E00742,M0066,2,2024-01-23,2024-09-07,228,1
E00743,M0000,2,2025-11-13,,292,0
E00744,M0097,2,2025-01-18,,591,0
E00745,M0129,2,2025-12-19,,256,0
E00746,M0052,1,2021-09-14,,1813,0
E00747,M0071,4,2025-10-29,,307,0
E00748,M0083,1,2025-07-21,2025-08-06,16,1
E00749,M0005,4,2023-04-23,2025-03-21,698,1
E00750,M0093,1,2023-08-16,,1112,0
E00751,M0009,2,2023-11-14,,1022,0
E00752,M0012,2,2025-10-21,,315,0
E00753,M0071,1,2025-10-21,,315,0
E00754,M0025,2,2022-04-11,2022-12-18,251,1
E00755,M0091,5,2023-08-14,2024-07-07,328,1
E00756,M0129,2,2025-01-28,2026-02-13,381,1
E00757,M0128,5,2026-07-08,,55,0
E00758,M0011,2,2022-04-21,2025-04-04,1079,1
E00759,M0176,5,2022-07-11,,1513,0
E00760,M0125,2,2022-11-25,2023-07-09,226,1
E00761,M0046,2,2022-08-02,,1491,0
E00762,M0051,1,2024-05-17,2026-01-25,618,1
E00763,M0000,4,2022-07-07,2023-06-10,338,1
E00764,M0016,1,2022-10-22,2022-11-11,20,1
E00765,M0161,4,2021-10-23,,1774,0
E00766,M0032,1,2025-07-30,,398,0
E00767,M0049,1,2025-08-22,,375,0
E00768,M0149,4,2025-02-18,,560,0
E00769,M0024,1,2022-11-23,2022-12-10,17,1
E00770,M0122,1,2024-12-25,2025-06-05,162,1
E00771,M0045,1,2024-05-14,,840,0
E00772,M0094,1,2025-12-27,2026-02-20,55,1
E00773,M0016,1,2022-06-10,,1544,0
E00774,M0104,2,2026-04-07,,147,0
E00775,M0117,4,2025-09-20,,346,0
E00776,M0138,2,2023-01-05,2023-12-15,344,1
E00777,M0164,2,2026-02-04,,209,0
E00778,M0114,2,2022-02-09,2026-07-30,1632,1
E00779,M0075,3,2023-11-06,2024-08-28,296,1
E00780,M0068,4,2024-12-29,2025-01-09,11,1
E00781,M0081,1,2022-06-08,,1546,0
E00782,M0082,4,2026-02-20,,193,0
E00783,M0169,4,2025-05-15,2026-04-26,346,1
E00784,M0070,4,2026-06-20,,73,0
E00785,M0028,2,2024-01-08,,967,0
E00786,M0100,3,2025-08-29,,368,0
E00787,M0009,3,2026-03-20,,165,0
E00788,M0169,3,2022-06-09,2024-07-31,783,1
E00789,M0018,2,2023-02-04,,1305,0
E00790,M0162,2,2024-12-24,,616,0
E00791,M0143,2,2023-07-19,,1140,0
E00792,M0055,2,2026-02-11,,202,0
E00793,M0123,3,2024-03-05,2025-08-06,519,1
E00794,M0170,1,2025-05-21,2025-09-11,113,1
E00795,M0161,3,2022-03-15,2024-11-12,973,1
E00796,M0166,2,2022-05-02,,1583,0
E00797,M0047,2,2021-11-07,,1759,0
E00798,M0079,2,2024-06-05,,818,0
E00799,M0156,1,2025-01-14,,595,0
E00800,M0103,1,2025-01-26,2026-07-08,528,1
E00801,M0170,1,2026-01-22,,222,0
E00802,M0172,4,2022-01-04,,1701,0
E00803,M0041,2,2025-12-22,,253,0
E00804,M0008,4,2025-05-31,,458,0
E00805,M0023,1,2021-10-23,,1774,0
E00806,M0127,2,2024-02-20,2024-10-16,239,1
E00807,M0081,2,2025-10-16,,320,0
E00808,M0104,1,2026-02-21,,192,0
E00809,M0093,4,2022-10-24,2025-03-08,866,1
E00810,M0051,5,2025-09-22,,344,0
E00811,M0036,5,2021-11-14,,1752,0
E00812,M0125,4,2024-03-25,,890,0
E00813,M0045,1,2021-11-11,,1755,0
E00814,M0155,2,2024-12-04,2026-08-05,609,1
E00815,M0052,4,2024-04-28,,856,0
E00816,M0091,1,2022-02-17,2024-06-15,849,1
E00817,M0163,4,2024-01-06,,969,0
E00818,M0087,1,2025-04-09,,510,0
E00819,M0128,2,2025-05-13,,476,0
E00820,M0074,2,2025-07-30,,398,0
E00821,M0017,1,2024-12-29,2025-07-26,209,1
E00822,M0159,2,2026-06-29,,64,0
E00823,M0154,3,2025-08-14,2025-11-11,89,1
E00824,M0001,5,2025-11-15,2025-11-17,2,1
E00825,M0107,1,2023-06-21,2023-09-19,90,1
E00826,M0039,2,2024-02-10,2025-12-28,687,1
E00827,M0073,4,2024-11-30,2025-03-30,120,1
E00828,M0104,1,2026-04-02,,152,0
E00829,M0082,3,2025-11-22,,283,0
E00830,M0107,1,2022-04-11,2022-11-22,225,1
E00831,M0050,2,2025-11-22,,283,0
E00832,M0056,2,2024-09-04,2024-09-05,1,1
E00833,M0017,2,2025-05-15,,474,0
E00834,M0047,3,2024-09-21,,710,0
E00835,M0035,2,2024-01-06,2025-02-04,395,1
E00836,M0147,1,2025-01-07,,602,0
E00837,M0063,4,2022-01-07,,1698,0
E00838,M0028,1,2024-05-31,2026-01-25,604,1
E00839,M0145,2,2021-11-17,2022-02-13,88,1
E00840,M0160,4,2023-06-19,,1170,0
E00841,M0076,1,2025-09-09,,357,0
E00842,M0015,2,2026-06-27,,66,0
E00843,M0170,2,2024-07-15,2024-12-16,154,1
E00844,M0051,5,2023-05-18,2025-06-24,768,1
E00845,M0104,1,2026-08-05,,27,0
E00846,M0131,4,2024-09-17,2025-03-27,191,1
E00847,M0026,1,2026-04-20,,134,0
E00848,M0149,2,2022-10-19,2022-12-21,63,1
E00849,M0117,1,2025-01-09,,600,0
E00850,M0052,1,2021-10-28,,1769,0
E00851,M0094,4,2024-05-16,,838,0
E00852,M0149,1,2022-01-05,2025-04-19,1200,1
E00853,M0039,3,2023-06-21,2026-03-12,995,1
E00854,M0060,1,2025-03-02,,548,0
E00855,M0026,3,2023-10-13,,1054,0
E00856,M0123,2,2024-06-09,2024-07-09,30,1
E00857,M0072,3,2023-03-17,2024-04-19,399,1
E00858,M0034,1,2025-04-10,2025-04-27,17,1
E00859,M0174,2,2025-04-16,,503,0
E00860,M0029,2,2025-03-03,2025-11-28,270,1
E00861,M0107,4,2022-07-25,2025-02-01,922,1
E00862,M0059,2,2024-09-08,,723,0
E00863,M0003,4,2022-04-01,,1614,0
E00864,M0169,3,2025-02-10,,568,0
E00865,M0012,2,2026-02-04,,209,0
E00866,M0099,1,2026-03-27,,158,0
E00867,M0016,1,2025-06-15,2026-04-30,319,1
E00868,M0043,3,2025-11-07,2025-12-06,29,1
E00869,M0023,1,2023-10-19,,1048,0
E00870,M0024,1,2024-11-01,2025-04-13,163,1
E00871,M0119,5,2026-06-04,,89,0
E00872,M0029,3,2023-03-18,,1263,0
E00873,M0173,2,2023-12-25,,981,0
E00874,M0052,2,2022-12-23,,1348,0
E00875,M0009,2,2023-04-20,2023-11-05,199,1
E00876,M0019,1,2025-12-11,,264,0
E00877,M0140,4,2026-02-16,,197,0
E00878,M0102,4,2025-06-24,,434,0
E00879,M0031,1,2022-03-06,,1640,0
E00880,M0055,5,2022-06-15,2025-04-07,1027,1
E00881,M0158,5,2025-04-02,2026-07-13,467,1
E00882,M0099,3,2022-06-26,,1528,0
E00883,M0123,1,2022-02-15,2022-03-01,14,1
E00884,M0149,2,2024-01-02,,973,0
E00885,M0113,4,2026-03-31,,154,0
E00886,M0016,3,2023-06-30,,1159,0
E00887,M0061,1,2022-10-03,2023-08-06,307,1
E00888,M0056,3,2025-01-01,,608,0
E00889,M0001,2,2025-02-13,2025-05-15,91,1
E00890,M0084,4,2023-12-10,2026-08-01,965,1
E00891,M0176,1,2024-10-28,,673,0
E00892,M0102,1,2023-11-18,,1018,0
E00893,M0089,5,2022-05-01,,1584,0
E00894,M0149,1,2021-10-12,,1785,0
E00895,M0050,3,2022-04-08,2022-09-27,172,1
E00896,M0026,2,2023-11-27,2024-04-04,129,1
E00897,M0149,3,2024-10-19,,682,0
E00898,M0065,2,2026-04-01,,153,0
E00899,M0091,1,2024-09-14,,717,0
E00900,M0154,1,2026-02-22,,191,0
E00901,M0037,3,2021-09-16,2022-07-02,289,1
E00902,M0140,1,2025-08-01,,396,0
E00903,M0106,2,2023-07-31,2024-12-02,490,1
E00904,M0046,4,2026-03-23,,162,0
E00905,M0178,2,2024-06-29,,794,0
E00906,M0045,3,2025-06-30,,428,0
E00907,M0009,2,2024-06-03,2024-11-24,174,1
E00908,M0089,1,2025-12-05,,270,0
E00909,M0164,1,2022-06-07,2025-06-02,1091,1
E00910,M0097,1,2022-04-07,2022-06-05,59,1
E00911,M0122,2,2022-06-05,2022-06-10,5,1
E00912,M0121,3,2025-06-16,2025-09-11,87,1
E00913,M0062,1,2022-11-11,,1390,0
E00914,M0025,2,2022-03-02,2025-02-08,1074,1
E00915,M0119,2,2023-08-10,2023-10-28,79,1
E00916,M0118,3,2022-07-07,2024-02-24,597,1
E00917,M0119,1,2022-12-20,,1351,0
E00918,M0106,2,2025-07-22,2025-08-12,21,1
E00919,M0133,1,2026-03-16,,169,0
E00920,M0057,4,2025-05-30,,459,0
E00921,M0153,1,2024-03-20,2024-04-09,20,1
E00922,M0034,1,2025-03-09,2025-11-06,242,1
E00923,M0101,1,2022-04-25,2022-06-09,45,1
E00924,M0042,1,2022-09-23,,1439,0
E00925,M0045,2,2022-07-11,2023-03-03,235,1
E00926,M0036,2,2024-02-03,,941,0
E00927,M0147,4,2024-01-03,,972,0
E00928,M0121,5,2023-07-29,2024-03-10,225,1
E00929,M0166,4,2022-04-16,2024-07-20,826,1
E00930,M0159,2,2023-06-21,,1168,0
E00931,M0095,1,2023-09-25,2024-03-30,187,1
E00932,M0147,1,2025-10-17,2025-12-03,47,1
E00933,M0164,3,2025-04-10,2026-05-22,407,1
E00934,M0077,2,2021-11-30,2023-03-20,475,1
E00935,M0016,1,2026-04-14,,140,0
E00936,M0020,2,2024-11-26,2026-04-14,504,1
E00937,M0177,2,2025-03-10,2025-03-12,2,1
E00938,M0061,4,2022-04-07,2023-05-09,397,1
E00939,M0021,1,2023-09-22,2023-11-25,64,1
E00940,M0130,2,2023-09-30,,1067,0
E00941,M0066,3,2025-01-31,,578,0
E00942,M0067,2,2024-02-14,,930,0
E00943,M0106,1,2025-07-18,,410,0
E00944,M0101,2,2025-01-24,2026-05-27,488,1
E00945,M0104,3,2022-03-09,,1637,0
E00946,M0039,1,2025-10-08,,328,0
E00947,M0004,1,2022-06-26,2024-02-02,586,1
E00948,M0064,1,2023-11-14,,1022,0
E00949,M0149,3,2026-05-18,,106,0
E00950,M0110,3,2022-02-08,2024-10-29,994,1
E00951,M0075,1,2024-08-03,,759,0
E00952,M0023,1,2024-05-19,2025-05-23,369,1
E00953,M0163,1,2025-12-15,2026-06-24,191,1
E00954,M0075,2,2023-01-15,,1325,0
E00955,M0122,1,2024-08-06,2024-08-06,0,1
E00956,M0170,3,2021-11-15,,1751,0
E00957,M0077,3,2026-01-18,,226,0
E00958,M0151,3,2026-06-08,,85,0
E00959,M0147,3,2025-12-25,,250,0
E00960,M0039,3,2024-02-28,2024-03-22,23,1
E00961,M0087,3,2025-05-04,,485,0
E00962,M0094,4,2022-06-09,,1545,0
E00963,M0091,4,2023-03-25,,1256,0
E00964,M0081,3,2025-10-09,,327,0
E00965,M0088,4,2024-04-15,2025-09-20,523,1
E00966,M0176,2,2026-01-16,,228,0
E00967,M0143,1,2022-03-09,2022-03-25,16,1
E00968,M0019,1,2024-06-09,2026-02-05,606,1
E00969,M0155,1,2023-06-29,,1160,0
E00970,M0114,3,2022-11-09,,1392,0
E00971,M0098,4,2026-01-07,,237,0
E00972,M0173,2,2024-09-05,,726,0
E00973,M0115,1,2023-03-22,,1259,0
E00974,M0170,2,2025-04-04,,515,0
E00975,M0179,2,2023-03-27,2025-05-02,767,1
E00976,M0011,2,2022-03-19,2023-11-01,592,1
E00977,M0149,2,2026-03-04,,181,0
E00978,M0113,1,2022-06-22,2026-07-02,1471,1
E00979,M0071,2,2025-06-29,,429,0
E00980,M0003,1,2024-03-03,,912,0
E00981,M0154,1,2025-01-15,,594,0
E00982,M0029,1,2023-10-14,,1053,0
E00983,M0162,4,2021-10-17,2024-06-19,976,1
E00984,M0121,3,2021-09-18,2025-02-13,1244,1
E00985,M0068,3,2026-05-26,,98,0
E00986,M0047,2,2026-07-17,,46,0
E00987,M0095,5,2025-04-03,,516,0
E00988,M0139,4,2024-05-05,,849,0
E00989,M0097,1,2022-09-01,,1461,0
E00990,M0177,2,2024-03-25,,890,0
E00991,M0103,2,2025-12-25,2026-04-13,109,1
E00992,M0172,2,2025-03-29,2025-08-05,129,1
E00993,M0016,2,2022-11-15,,1386,0
E00994,M0059,5,2026-01-18,,226,0
E00995,M0128,1,2022-10-24,,1408,0
E00996,M0179,3,2021-10-07,2022-03-07,151,1
E00997,M0045,2,2024-04-03,,881,0
E00998,M0106,2,2024-11-24,2025-04-17,144,1
E00999,M0077,3,2024-08-28,2026-08-25,727,1
E01000,M0062,1,2025-11-03,2026-02-26,115,1
E01001,M0021,2,2024-11-09,2025-01-09,61,1
E01002,M0140,3,2025-06-08,,450,0
E01003,M0165,4,2026-08-06,,26,0
E01004,M0026,1,2022-07-20,2023-09-22,429,1
E01005,M0078,2,2024-07-21,2024-09-22,63,1
E01006,M0146,4,2026-07-15,,48,0
E01007,M0123,2,2025-03-15,2025-07-04,111,1
E01008,M0102,1,2026-05-02,,122,0
E01009,M0070,1,2022-05-24,2025-10-02,1227,1
E01010,M0084,2,2023-08-13,2024-02-06,177,1
E01011,M0026,5,2023-10-12,2024-01-03,83,1
E01012,M0016,4,2024-11-29,,641,0
E01013,M0009,1,2024-01-02,2024-01-02,0,1
E01014,M0145,2,2023-12-13,2026-08-21,982,1
E01015,M0006,2,2021-09-30,2023-03-18,534,1
E01016,M0040,2,2022-07-19,2022-10-27,100,1
E01017,M0091,5,2022-04-19,,1596,0
E01018,M0156,2,2023-01-26,2023-09-21,238,1
E01019,M0155,4,2025-06-19,,439,0
E01020,M0090,1,2022-06-27,,1527,0
E01021,M0153,2,2023-07-07,,1152,0
E01022,M0045,4,2023-02-12,2023-02-20,8,1
E01023,M0149,2,2025-10-19,,317,0
E01024,M0050,5,2023-02-03,,1306,0
E01025,M0140,3,2023-08-27,,1101,0
E01026,M0133,2,2023-11-27,2024-04-23,148,1
E01027,M0156,3,2023-09-27,,1070,0
E01028,M0127,4,2025-09-12,,354,0
E01029,M0097,5,2026-08-05,,27,0
E01030,M0107,3,2025-08-04,,393,0
E01031,M0161,3,2023-05-18,2023-08-16,90,1
E01032,M0135,1,2025-02-03,,575,0
E01033,M0004,2,2023-09-05,2024-07-26,325,1
E01034,M0070,4,2021-10-01,2026-02-02,1585,1
E01035,M0052,2,2023-11-04,,1032,0
E01036,M0075,5,2023-07-02,,1157,0
E01037,M0002,1,2025-05-06,,483,0
E01038,M0108,3,2023-04-19,,1231,0
E01039,M0131,4,2023-07-04,2025-05-23,689,1
E01040,M0080,4,2026-02-20,,193,0
E01041,M0129,1,2024-06-03,,820,0
E01042,M0103,1,2024-01-07,,968,0
E01043,M0079,5,2025-01-26,,583,0
E01044,M0114,1,2025-03-22,2025-08-19,150,1
E01045,M0150,2,2025-11-28,2026-08-19,264,1
E01046,M0170,3,2022-01-30,2026-02-15,1477,1
E01047,M0098,1,2026-03-18,,167,0
E01048,M0087,1,2025-06-30,,428,0
E01049,M0143,1,2024-08-22,,740,0
E01050,M0106,1,2025-06-04,,454,0
E01051,M0057,3,2025-08-02,,395,0
E01052,M0089,4,2025-01-06,,603,0
E01053,M0154,1,2022-10-09,2023-08-24,319,1
E01054,M0002,2,2026-05-01,,123,0
E01055,M0008,1,2023-03-31,,1250,0
E01056,M0130,1,2022-09-03,,1459,0
E01057,M0024,1,2022-05-20,,1565,0
E01058,M0110,1,2021-11-11,2025-11-05,1455,1
E01059,M0170,1,2021-12-20,2023-07-23,580,1
E01060,M0053,4,2022-06-14,2023-09-03,446,1
E01061,M0075,2,2023-03-08,2025-03-13,736,1
E01062,M0057,3,2026-07-17,,46,0
E01063,M0088,1,2023-08-07,2024-03-24,230,1
E01064,M0083,1,2023-11-13,2023-12-04,21,1
E01065,M0134,1,2025-03-25,2025-04-23,29,1
E01066,M0087,3,2026-05-07,,117,0
E01067,M0099,3,2023-01-23,2025-02-04,743,1
E01068,M0019,2,2025-10-01,,335,0
E01069,M0107,4,2026-08-13,,19,0
E01070,M0065,2,2024-06-27,2025-03-13,259,1
E01071,M0013,3,2025-09-24,,342,0
E01072,M0083,4,2024-12-28,2025-06-08,162,1
E01073,M0059,1,2024-01-05,,970,0
E01074,M0175,1,2024-10-28,2026-07-12,622,1
E01075,M0144,4,2026-03-26,,159,0
E01076,M0142,3,2025-05-18,2026-02-23,281,1
E01077,M0075,2,2026-03-29,,156,0
E01078,M0071,1,2025-11-01,2026-02-01,92,1
E01079,M0077,1,2023-03-10,2024-05-08,425,1
E01080,M0134,2,2026-01-10,,234,0
E01081,M0130,2,2025-08-31,,366,0
E01082,M0041,3,2021-12-24,,1712,0
E01083,M0076,1,2026-06-27,2026-08-16,50,1
E01084,M0050,4,2023-03-13,2023-11-12,244,1
E01085,M0164,5,2025-07-28,2026-08-10,378,1
E01086,M0006,1,2023-04-15,2024-08-22,495,1
E01087,M0162,2,2022-04-04,2024-05-24,781,1
E01088,M0121,1,2024-01-29,,946,0
E01089,M0072,1,2021-11-14,2026-02-05,1544,1
E01090,M0006,2,2024-02-13,2024-09-22,222,1
E01091,M0095,1,2025-04-26,2026-08-30,491,1
E01092,M0114,4,2024-07-02,2025-10-21,476,1
E01093,M0070,4,2024-04-23,,861,0
E01094,M0101,1,2024-07-28,2024-12-25,150,1
E01095,M0156,3,2026-06-06,,87,0
E01096,M0143,1,2023-02-17,2025-10-27,983,1
E01097,M0123,3,2022-07-18,2024-01-30,561,1
E01098,M0164,2,2023-09-10,2023-11-03,54,1
E01099,M0051,3,2026-08-02,,30,0
E01100,M0164,2,2026-07-31,,32,0
E01101,M0049,3,2025-05-04,,485,0
E01102,M0119,5,2026-07-08,,55,0
E01103,M0085,2,2021-09-22,2022-08-18,330,1
E01104,M0177,3,2022-04-09,2023-02-16,313,1
E01105,M0178,3,2023-08-03,,1125,0
E01106,M0026,3,2022-11-07,2024-05-06,546,1
E01107,M0038,3,2024-02-07,2024-11-03,270,1
E01108,M0113,2,2025-08-09,2025-11-18,101,1
E01109,M0167,2,2023-01-03,,1337,0
E01110,M0050,1,2025-11-22,,283,0
E01111,M0086,3,2022-04-22,2025-02-19,1034,1
E01112,M0098,3,2023-11-17,2024-02-28,103,1
E01113,M0176,2,2021-12-27,2022-07-12,197,1
E01114,M0010,3,2025-07-04,,424,0
E01115,M0047,2,2024-01-04,,971,0
E01116,M0042,2,2025-04-23,,496,0
E01117,M0163,1,2023-11-25,2025-10-13,688,1
E01118,M0173,1,2023-12-27,,979,0
E01119,M0023,2,2025-07-19,,409,0
E01120,M0077,1,2024-12-08,,632,0
E01121,M0055,4,2021-12-14,,1722,0
E01122,M0095,1,2023-05-16,2024-01-29,258,1
E01123,M0000,2,2024-03-15,,900,0
E01124,M0044,4,2024-02-17,,927,0
E01125,M0090,2,2021-09-24,2021-10-13,19,1
E01126,M0143,4,2024-09-18,,713,0
E01127,M0114,1,2022-12-31,2024-06-20,537,1
E01128,M0138,2,2024-12-30,2025-01-30,31,1
E01129,M0140,2,2023-03-08,,1273,0
E01130,M0109,1,2023-08-25,,1103,0
E01131,M0065,1,2021-10-30,2022-08-20,294,1
E01132,M0040,2,2025-12-09,2026-04-07,119,1
E01133,M0087,3,2025-11-27,,278,0
E01134,M0124,1,2021-09-14,,1813,0
E01135,M0009,4,2024-10-03,2024-11-06,34,1
E01136,M0007,3,2022-01-16,2024-12-19,1068,1
E01137,M0024,4,2023-06-01,,1188,0
E01138,M0006,2,2024-10-08,2025-04-11,185,1
E01139,M0049,2,2025-11-04,,301,0
E01140,M0007,5,2025-07-12,2026-04-20,282,1
E01141,M0162,3,2026-08-31,,1,0
E01142,M0132,2,2025-12-21,2026-03-16,85,1
E01143,M0078,2,2024-11-02,2026-04-06,520,1
E01144,M0122,4,2022-08-17,2024-07-03,686,1
E01145,M0070,1,2021-12-10,2024-08-27,991,1
E01146,M0120,1,2021-09-06,2022-10-19,408,1
E01147,M0130,3,2023-09-08,,1089,0
E01148,M0154,4,2026-04-13,,141,0
E01149,M0084,1,2024-06-12,2024-06-19,7,1
E01150,M0064,2,2026-01-26,,218,0
E01151,M0066,3,2022-03-28,,1618,0
E01152,M0167,3,2023-11-23,2026-07-13,963,1
E01153,M0098,1,2026-04-03,,151,0
E01154,M0117,3,2024-03-27,,888,0
E01155,M0121,1,2022-03-16,2024-06-01,808,1
E01156,M0106,2,2021-10-29,2024-09-25,1062,1
E01157,M0129,2,2023-11-29,2026-03-31,853,1
E01158,M0009,2,2024-03-24,2024-11-28,249,1
E01159,M0036,2,2024-01-05,2026-06-04,881,1
E01160,M0169,1,2026-01-10,2026-07-30,201,1
E01161,M0018,4,2026-03-18,,167,0
E01162,M0012,1,2024-12-26,,614,0
E01163,M0094,4,2025-05-06,,483,0
E01164,M0036,1,2022-10-01,2023-09-08,342,1
E01165,M0158,1,2022-08-20,2023-07-23,337,1
E01166,M0052,1,2023-04-13,2024-09-19,525,1
E01167,M0005,1,2025-03-18,,532,0
E01168,M0067,2,2025-01-31,,578,0
E01169,M0065,1,2022-01-28,,1677,0
E01170,M0138,4,2024-08-01,2025-03-05,216,1
E01171,M0000,2,2025-03-07,,543,0
E01172,M0034,3,2022-06-15,2023-04-22,311,1
E01173,M0018,1,2025-03-11,,539,0
E01174,M0069,1,2022-02-11,,1663,0
E01175,M0134,2,2023-04-29,2024-05-08,375,1
E01176,M0124,1,2026-04-17,,137,0
E01177,M0149,1,2026-02-10,,203,0
E01178,M0127,1,2023-05-01,2023-06-15,45,1
E01179,M0123,1,2025-08-16,,381,0
E01180,M0121,1,2026-06-03,,90,0
E01181,M0066,1,2022-09-22,,1440,0
E01182,M0052,4,2023-05-06,,1214,0
E01183,M0178,1,2023-01-07,,1333,0
E01184,M0060,3,2022-01-25,2022-03-22,56,1
E01185,M0069,2,2024-04-10,,874,0
E01186,M0101,4,2022-05-07,2022-08-03,88,1
E01187,M0106,2,2025-11-25,,280,0
E01188,M0076,1,2026-03-19,,166,0
E01189,M0156,2,2023-03-10,2023-03-30,20,1
E01190,M0103,2,2021-12-07,,1729,0
E01191,M0066,2,2022-05-29,2024-05-18,720,1
E01192,M0070,5,2022-08-09,2023-08-19,375,1
E01193,M0054,3,2026-04-10,,144,0
E01194,M0143,4,2025-09-03,,363,0
E01195,M0009,3,2025-09-02,,364,0
E01196,M0123,1,2024-09-25,2025-02-03,131,1
E01197,M0168,1,2024-09-09,,722,0
E01198,M0100,1,2023-03-01,,1280,0
E01199,M0083,5,2023-09-05,2023-09-30,25,1
E01200,M0039,2,2026-04-04,,150,0
E01201,M0042,2,2022-06-23,2023-02-20,242,1
E01202,M0032,3,2025-08-20,,377,0
E01203,M0123,1,2025-09-20,,346,0
E01204,M0088,1,2024-02-20,,924,0
E01205,M0143,2,2025-02-06,2026-05-10,458,1
E01206,M0087,3,2023-10-15,,1052,0
E01207,M0131,1,2022-10-02,2023-01-07,97,1
E01208,M0051,1,2023-08-31,,1097,0
E01209,M0128,2,2023-09-10,,1087,0
E01210,M0077,1,2024-02-07,2024-11-27,294,1
E01211,M0177,2,2023-01-25,,1315,0
E01212,M0041,2,2023-12-30,2025-01-24,391,1
E01213,M0119,1,2025-07-23,,405,0
E01214,M0000,5,2024-10-03,,698,0
E01215,M0066,1,2025-04-22,,497,0
E01216,M0111,5,2024-06-10,2025-02-21,256,1
E01217,M0106,3,2022-04-03,2023-03-23,354,1
E01218,M0169,2,2024-10-25,2025-03-08,134,1
E01219,M0172,1,2023-12-02,2024-01-31,60,1
E01220,M0052,2,2024-07-14,,779,0
E01221,M0156,2,2026-07-23,,40,0
E01222,M0177,1,2023-12-14,,992,0
E01223,M0110,3,2022-07-17,2022-07-17,0,1
E01224,M0098,5,2026-03-20,,165,0
E01225,M0043,1,2022-07-22,2022-08-06,15,1
E01226,M0072,2,2023-11-21,,1015,0
E01227,M0055,4,2026-06-13,,80,0
E01228,M0088,5,2025-03-31,2025-07-12,103,1
E01229,M0000,1,2023-09-14,,1083,0
E01230,M0116,3,2022-07-13,2022-11-10,120,1
E01231,M0039,3,2023-02-19,2023-10-05,228,1
E01232,M0178,1,2024-01-22,,953,0
E01233,M0089,2,2024-10-18,,683,0
E01234,M0119,3,2023-03-14,,1267,0
E01235,M0159,1,2025-03-17,2025-04-13,27,1
E01236,M0138,3,2022-08-24,,1469,0
E01237,M0026,1,2025-02-27,,551,0
E01238,M0013,2,2023-12-22,,984,0
E01239,M0021,2,2023-10-25,2026-05-09,927,1
E01240,M0121,2,2022-03-30,2023-12-27,637,1
E01241,M0022,1,2022-10-24,,1408,0
E01242,M0170,1,2024-08-25,2026-03-23,575,1
E01243,M0080,2,2022-02-27,,1647,0
E01244,M0118,1,2025-12-25,,250,0
E01245,M0056,1,2025-06-18,,440,0
E01246,M0134,5,2024-02-10,2024-02-29,19,1
E01247,M0103,2,2026-06-01,,92,0
E01248,M0009,1,2022-01-13,2022-07-20,188,1
E01249,M0074,1,2022-06-03,,1551,0
E01250,M0073,2,2024-06-03,2025-03-21,291,1
E01251,M0002,3,2023-08-19,2024-10-19,427,1
E01252,M0089,3,2021-12-19,,1717,0
E01253,M0102,2,2024-03-12,,903,0
E01254,M0072,3,2026-05-15,,109,0
E01255,M0107,1,2025-08-29,2025-12-25,118,1
E01256,M0026,2,2024-07-02,2025-02-22,235,1
E01257,M0049,5,2026-05-06,,118,0
E01258,M0049,2,2026-04-07,,147,0
E01259,M0132,1,2022-09-28,2022-09-29,1,1
E01260,M0111,3,2022-07-29,2024-03-08,588,1
E01261,M0155,4,2026-01-27,,217,0
E01262,M0140,2,2024-03-30,2024-12-25,270,1
E01263,M0109,2,2024-12-16,2025-09-26,284,1
E01264,M0105,3,2023-05-08,2023-06-06,29,1
E01265,M0016,1,2025-09-02,,364,0
E01266,M0021,1,2021-11-03,2021-11-04,1,1
E01267,M0099,2,2022-06-26,,1528,0
E01268,M0101,1,2023-06-20,2023-10-23,125,1
E01269,M0015,2,2025-01-07,,602,0
E01270,M0018,2,2024-09-06,2025-08-07,335,1
E01271,M0163,2,2026-06-15,,78,0
E01272,M0080,2,2024-01-20,,955,0
E01273,M0164,3,2025-06-17,,441,0
E01274,M0003,5,2022-12-09,2025-10-02,1028,1
E01275,M0125,1,2025-02-04,2025-10-30,268,1
E01276,M0143,3,2023-09-13,2023-11-18,66,1
E01277,M0114,3,2026-08-08,,24,0
E01278,M0108,2,2024-03-23,2024-06-02,71,1
E01279,M0162,3,2026-01-16,,228,0
E01280,M0126,4,2025-05-20,,469,0
E01281,M0169,2,2025-01-19,,590,0
E01282,M0118,4,2023-09-24,2024-10-27,399,1
E01283,M0024,2,2025-03-27,,523,0
E01284,M0142,4,2023-07-29,,1130,0
E01285,M0084,2,2021-11-14,2022-08-24,283,1
E01286,M0008,3,2026-06-29,,64,0
E01287,M0133,1,2026-01-07,2026-07-01,175,1
E01288,M0134,4,2025-09-30,,336,0
E01289,M0091,4,2025-06-28,,430,0
E01290,M0049,2,2023-01-10,,1330,0
E01291,M0052,4,2023-04-28,,1222,0
E01292,M0129,5,2022-03-02,2023-10-22,599,1
E01293,M0115,2,2023-10-01,,1066,0
E01294,M0015,1,2022-04-11,2022-07-21,101,1
E01295,M0095,4,2025-03-25,2025-05-20,56,1
E01296,M0159,1,2022-04-28,2022-06-29,62,1
E01297,M0067,4,2026-08-18,,14,0
E01298,M0144,3,2023-07-26,,1133,0
E01299,M0156,1,2021-11-29,,1737,0
E01300,M0154,1,2026-06-18,,75,0
E01301,M0084,2,2025-06-21,,437,0
E01302,M0076,1,2026-07-04,,59,0
E01303,M0088,1,2023-03-18,,1263,0
E01304,M0142,3,2024-01-24,2026-06-14,872,1
E01305,M0021,2,2025-10-16,,320,0
E01306,M0039,1,2022-10-22,2022-12-26,65,1
E01307,M0068,5,2026-06-19,,74,0
E01308,M0110,3,2025-04-22,,497,0
E01309,M0012,4,2023-10-13,,1054,0
E01310,M0114,2,2025-11-20,,285,0
E01311,M0019,1,2025-01-19,2025-04-21,92,1
E01312,M0177,2,2023-12-16,,990,0
E01313,M0039,2,2026-02-02,,211,0
E01314,M0176,3,2022-11-13,,1388,0
E01315,M0082,5,2025-09-03,,363,0
E01316,M0052,2,2023-09-04,,1093,0
E01317,M0125,4,2022-10-06,2025-05-09,946,1
E01318,M0126,1,2023-04-09,2023-07-24,106,1
E01319,M0040,2,2026-04-16,,138,0
E01320,M0120,1,2022-11-24,,1377,0
E01321,M0168,1,2025-07-08,,420,0
E01322,M0043,4,2023-08-26,2024-02-23,181,1
E01323,M0156,4,2022-10-26,,1406,0
E01324,M0051,3,2022-06-13,,1541,0
E01325,M0117,2,2025-10-01,,335,0
E01326,M0053,1,2024-11-22,,648,0
E01327,M0105,2,2021-11-11,2025-01-25,1171,1
E01328,M0105,2,2025-07-06,,422,0
E01329,M0087,3,2026-05-30,2026-06-27,28,1
E01330,M0055,2,2022-06-14,,1540,0
E01331,M0094,1,2025-09-04,,362,0
E01332,M0126,2,2021-09-10,,1817,0
E01333,M0079,1,2022-04-10,,1605,0
E01334,M0043,1,2024-11-30,2026-06-20,567,1
E01335,M0125,1,2022-11-21,2022-11-23,2,1
E01336,M0179,3,2022-09-29,,1433,0
E01337,M0052,1,2026-05-08,,116,0
E01338,M0159,3,2023-06-16,2023-12-17,184,1
E01339,M0089,3,2022-11-14,2022-11-20,6,1
E01340,M0100,3,2025-04-28,,491,0
E01341,M0159,2,2023-03-30,2025-09-21,906,1
E01342,M0059,4,2022-04-08,2023-03-09,335,1
E01343,M0003,4,2025-04-14,,505,0
E01344,M0116,2,2024-04-08,,876,0
E01345,M0046,2,2022-10-25,,1407,0
E01346,M0086,1,2026-08-27,,5,0
E01347,M0145,1,2026-07-01,,62,0
E01348,M0080,2,2021-10-18,,1779,0
E01349,M0150,3,2022-11-01,,1400,0
E01350,M0134,2,2021-11-06,2023-10-09,702,1
E01351,M0150,2,2022-05-20,2023-02-13,269,1
E01352,M0002,1,2024-12-30,,610,0
E01353,M0113,1,2023-02-26,,1283,0
E01354,M0080,5,2025-06-10,,448,0
E01355,M0094,2,2026-07-05,,58,0
E01356,M0069,1,2025-07-04,,424,0
E01357,M0087,2,2022-05-15,,1570,0
E01358,M0051,1,2023-12-02,2024-03-03,92,1
E01359,M0157,5,2026-08-22,,10,0
E01360,M0013,2,2022-03-27,,1619,0
E01361,M0139,1,2022-10-28,2024-03-30,519,1
E01362,M0083,1,2024-12-18,2025-07-23,217,1
E01363,M0066,4,2025-08-08,,389,0
E01364,M0024,1,2023-04-08,,1242,0
E01365,M0129,4,2025-10-20,,316,0
E01366,M0089,1,2022-06-22,,1532,0
E01367,M0046,1,2022-07-19,,1505,0
E01368,M0055,2,2026-01-26,,218,0
E01369,M0133,1,2022-11-23,2026-07-31,1346,1
E01370,M0052,4,2023-12-12,,994,0
E01371,M0084,2,2022-09-25,2025-09-09,1080,1
E01372,M0082,3,2024-01-19,,956,0
E01373,M0002,1,2022-12-29,2024-01-06,373,1
E01374,M0059,2,2024-06-02,2025-02-25,268,1
E01375,M0046,2,2023-02-12,,1297,0
E01376,M0023,1,2023-06-30,,1159,0
E01377,M0032,2,2024-03-02,2026-01-01,670,1
E01378,M0163,1,2023-03-28,,1253,0
E01379,M0063,1,2025-04-10,,509,0
E01380,M0038,2,2025-11-08,,297,0
E01381,M0007,2,2026-07-08,,55,0
E01382,M0157,2,2022-12-25,2023-03-23,88,1
E01383,M0154,2,2024-09-24,,707,0
E01384,M0158,3,2024-07-06,2025-06-02,331,1
E01385,M0044,2,2022-01-18,,1687,0
E01386,M0138,1,2024-09-19,2024-11-07,49,1
E01387,M0050,1,2022-01-09,2022-11-04,299,1
E01388,M0172,4,2024-05-08,2025-10-26,536,1
E01389,M0087,2,2026-08-19,,13,0
E01390,M0003,3,2021-12-07,,1729,0
E01391,M0045,4,2024-06-15,,808,0
E01392,M0102,3,2026-06-22,,71,0
E01393,M0084,2,2025-05-04,2025-11-28,208,1
E01394,M0113,1,2021-12-10,,1726,0
E01395,M0051,2,2022-11-10,,1391,0
E01396,M0177,4,2025-04-11,,508,0
E01397,M0109,3,2024-12-31,2025-10-05,278,1
E01398,M0097,5,2024-11-12,,658,0
E01399,M0145,1,2023-07-10,2024-12-11,520,1
E01400,M0166,2,2022-11-03,2025-07-23,993,1
E01401,M0071,4,2025-08-20,,377,0
E01402,M0016,1,2024-07-07,,786,0
E01403,M0132,2,2024-12-20,2024-12-24,4,1
E01404,M0069,3,2022-06-06,2026-02-27,1362,1
E01405,M0158,3,2022-06-02,,1552,0
E01406,M0105,2,2023-02-20,,1289,0
E01407,M0023,2,2025-10-08,2025-10-13,5,1
E01408,M0015,4,2025-12-18,,257,0
E01409,M0135,2,2021-11-01,,1765,0
E01410,M0102,1,2025-08-23,,374,0
E01411,M0159,1,2022-12-11,2024-05-04,510,1
E01412,M0111,1,2025-12-15,,260,0
E01413,M0044,2,2025-08-10,,387,0
E01414,M0157,1,2024-04-24,,860,0
E01415,M0111,4,2026-03-17,,168,0
E01416,M0077,1,2023-12-22,,984,0
E01417,M0153,2,2024-06-30,2024-11-18,141,1
E01418,M0139,3,2026-03-14,2026-08-09,148,1
E01419,M0174,1,2022-12-10,,1361,0
E01420,M0179,3,2023-08-01,2026-05-29,1032,1
E01421,M0014,5,2023-07-27,,1132,0
E01422,M0128,1,2022-09-24,2026-05-14,1328,1
E01423,M0126,2,2021-11-07,2023-12-22,775,1
E01424,M0066,1,2026-08-13,,19,0
E01425,M0108,2,2025-02-05,2025-05-03,87,1
E01426,M0053,1,2024-12-16,,624,0
E01427,M0173,3,2021-12-03,,1733,0
E01428,M0032,2,2024-01-16,,959,0
E01429,M0105,1,2023-04-21,2026-02-04,1020,1
E01430,M0010,4,2022-10-01,,1431,0
E01431,M0062,2,2025-03-13,2026-02-20,344,1
E01432,M0147,3,2024-07-09,2025-06-25,351,1
E01433,M0069,2,2025-03-11,,539,0
E01434,M0023,5,2022-08-18,2022-12-21,125,1
E01435,M0043,2,2026-07-15,,48,0
E01436,M0160,1,2024-08-09,,753,0
E01437,M0079,3,2022-10-22,,1410,0
E01438,M0153,3,2023-09-26,2025-11-21,787,1
E01439,M0088,2,2026-01-09,,235,0
E01440,M0146,1,2021-09-14,,1813,0
E01441,M0020,2,2021-09-20,,1807,0
E01442,M0084,1,2024-12-01,,639,0
E01443,M0041,1,2023-07-03,2024-08-31,425,1
E01444,M0021,3,2025-04-17,,502,0
E01445,M0169,2,2026-07-10,,53,0
E01446,M0038,2,2023-10-18,2023-11-01,14,1
E01447,M0003,1,2026-06-12,,81,0
E01448,M0042,3,2025-12-26,,249,0
E01449,M0091,1,2024-05-04,2025-02-15,287,1
E01450,M0123,4,2026-02-03,,210,0
E01451,M0154,1,2022-02-26,,1648,0
E01452,M0061,4,2025-01-12,2025-10-28,289,1
E01453,M0008,4,2024-03-04,,911,0
E01454,M0175,2,2022-02-12,2025-06-26,1230,1
E01455,M0097,1,2025-01-01,,608,0
E01456,M0042,1,2024-11-14,2024-12-29,45,1
E01457,M0138,1,2022-09-02,2024-07-13,680,1
E01458,M0093,3,2025-12-04,,271,0
E01459,M0101,3,2024-06-12,,811,0
E01460,M0030,1,2025-07-18,,410,0
E01461,M0015,2,2022-05-15,,1570,0
E01462,M0139,2,2021-10-06,2024-06-16,984,1
E01463,M0164,4,2024-12-10,,630,0
E01464,M0032,5,2021-09-22,,1805,0
E01465,M0038,1,2025-01-25,2025-08-26,213,1
E01466,M0135,3,2022-07-08,2023-01-22,198,1
E01467,M0088,1,2025-03-04,,546,0
E01468,M0014,2,2022-11-28,,1373,0
E01469,M0157,1,2022-11-21,2023-05-14,174,1
E01470,M0141,2,2026-05-18,,106,0
E01471,M0104,2,2021-11-04,2022-04-09,156,1
E01472,M0022,1,2026-05-23,,101,0
E01473,M0015,1,2025-05-06,,483,0
E01474,M0119,2,2026-04-01,,153,0
E01475,M0088,4,2022-07-31,,1493,0
E01476,M0083,5,2024-02-25,2024-06-04,100,1
E01477,M0137,2,2021-09-25,2025-10-25,1491,1
E01478,M0103,1,2023-04-30,2026-05-26,1122,1
E01479,M0118,4,2024-07-24,,769,0
E01480,M0159,5,2023-05-12,2023-06-22,41,1
E01481,M0084,2,2023-11-16,,1020,0
E01482,M0069,1,2026-02-08,,205,0
E01483,M0118,1,2024-10-24,2026-07-22,636,1
E01484,M0127,1,2022-06-07,2023-06-16,374,1
E01485,M0163,4,2022-02-13,2022-04-04,50,1
E01486,M0038,4,2025-08-19,2025-11-01,74,1
E01487,M0034,2,2024-03-15,,900,0
E01488,M0003,2,2025-03-21,2026-02-08,324,1
E01489,M0122,3,2022-08-13,2023-02-06,177,1
E01490,M0084,3,2025-08-13,,384,0
E01491,M0146,1,2022-01-25,,1680,0
E01492,M0026,1,2022-09-17,,1445,0
E01493,M0037,2,2023-05-18,2025-09-02,838,1
E01494,M0056,2,2026-01-11,,233,0
E01495,M0154,3,2025-04-05,,514,0
E01496,M0103,5,2025-09-21,,345,0
E01497,M0001,2,2022-08-21,2022-09-02,12,1
E01498,M0023,1,2024-06-11,2024-10-09,120,1
E01499,M0162,2,2025-06-29,,429,0
E01500,M0014,3,2024-03-12,,903,0
E01501,M0113,1,2026-07-01,,62,0
E01502,M0016,2,2023-09-24,2025-01-23,487,1
E01503,M0127,3,2026-08-23,,9,0
E01504,M0095,1,2022-09-14,2022-10-30,46,1
E01505,M0002,4,2025-12-25,,250,0
E01506,M0059,1,2024-07-04,2024-10-03,91,1
E01507,M0043,1,2026-07-26,,37,0
E01508,M0128,2,2025-11-07,2026-01-14,68,1
E01509,M0016,4,2025-03-16,,534,0
E01510,M0098,2,2026-05-12,,112,0
E01511,M0001,2,2024-09-10,2024-11-21,72,1
E01512,M0096,5,2022-02-07,,1667,0
E01513,M0117,1,2026-01-16,,228,0
E01514,M0031,1,2024-01-03,,972,0
E01515,M0028,1,2024-11-08,2025-10-21,347,1
E01516,M0080,3,2025-12-29,,246,0
E01517,M0160,1,2026-03-29,,156,0
E01518,M0123,2,2025-05-02,2025-10-28,179,1
E01519,M0115,1,2022-02-14,,1660,0
E01520,M0071,4,2023-03-16,,1265,0
E01521,M0090,1,2026-01-07,2026-05-04,117,1
E01522,M0093,2,2023-04-01,2024-08-29,516,1
E01523,M0052,5,2024-06-28,,795,0
E01524,M0056,1,2025-12-31,,244,0
E01525,M0120,4,2024-06-17,2025-10-27,497,1
E01526,M0156,1,2022-09-22,,1440,0
E01527,M0101,2,2022-03-09,2022-04-04,26,1
E01528,M0098,4,2023-10-02,,1065,0
E01529,M0148,2,2025-10-29,2026-06-29,243,1
E01530,M0012,4,2022-08-05,,1488,0
E01531,M0007,1,2022-06-30,,1524,0
E01532,M0106,1,2026-03-27,,158,0
E01533,M0159,2,2025-03-29,2025-05-11,43,1
E01534,M0114,2,2025-01-25,2025-07-08,164,1
E01535,M0047,2,2022-10-02,,1430,0
E01536,M0125,2,2024-02-13,,931,0
E01537,M0133,1,2022-12-19,2024-03-23,460,1
E01538,M0149,3,2023-02-07,,1302,0
E01539,M0149,4,2025-04-20,,499,0
E01540,M0174,5,2026-08-07,,25,0
E01541,M0097,2,2021-10-10,,1787,0
E01542,M0009,4,2023-08-11,2024-10-31,447,1
E01543,M0030,2,2022-09-15,2022-11-26,72,1
E01544,M0150,5,2022-03-19,,1627,0
E01545,M0122,3,2023-03-25,,1256,0
E01546,M0047,1,2023-06-18,2023-10-28,132,1
E01547,M0176,2,2022-11-25,2025-07-13,961,1
E01548,M0140,4,2024-11-22,,648,0
E01549,M0071,1,2022-03-26,,1620,0
E01550,M0089,3,2023-12-06,2023-12-21,15,1
E01551,M0128,3,2026-01-26,2026-08-11,197,1
E01552,M0001,1,2025-07-30,,398,0
E01553,M0039,1,2022-07-15,2022-08-16,32,1
E01554,M0089,2,2026-03-19,,166,0
E01555,M0069,2,2022-04-13,,1602,0
E01556,M0000,1,2026-02-10,,203,0
E01557,M0069,3,2023-11-21,,1015,0
E01558,M0105,3,2021-12-10,2026-02-27,1540,1
E01559,M0065,2,2023-12-26,2025-02-24,426,1
E01560,M0177,3,2022-10-01,,1431,0
E01561,M0105,5,2024-12-25,2025-01-21,27,1
E01562,M0157,4,2022-10-18,,1414,0
E01563,M0170,1,2026-02-24,,189,0
E01564,M0085,1,2024-12-15,2025-07-24,221,1
E01565,M0054,1,2026-07-25,,38,0
E01566,M0137,1,2024-12-13,2025-02-02,51,1
E01567,M0020,3,2024-08-31,,731,0
E01568,M0108,3,2024-08-05,2025-09-06,397,1
E01569,M0179,4,2022-02-05,2022-12-20,318,1
E01570,M0111,4,2025-03-04,,546,0
E01571,M0141,4,2022-09-29,2025-11-10,1138,1
E01572,M0097,2,2022-08-27,2025-01-19,876,1
E01573,M0077,1,2022-07-23,2026-04-02,1349,1
E01574,M0066,5,2023-09-15,,1082,0
E01575,M0038,1,2023-03-07,2023-10-15,222,1
E01576,M0164,3,2023-01-14,2024-07-05,538,1
E01577,M0073,2,2022-04-23,,1592,0
E01578,M0143,5,2024-09-17,2026-06-12,633,1
E01579,M0041,2,2022-01-12,2026-06-02,1602,1
E01580,M0106,2,2022-04-04,2026-03-16,1442,1
E01581,M0088,2,2021-11-19,2024-12-19,1126,1
E01582,M0088,5,2023-01-16,,1324,0
E01583,M0071,2,2022-05-02,,1583,0
E01584,M0037,2,2022-05-14,2023-02-06,268,1
E01585,M0171,2,2022-08-30,2024-10-20,782,1
E01586,M0006,3,2023-09-29,2023-12-16,78,1
E01587,M0159,4,2026-04-24,,130,0
E01588,M0123,2,2022-10-24,,1408,0
E01589,M0103,2,2024-07-14,2025-04-29,289,1
E01590,M0128,4,2021-11-11,2024-08-19,1012,1
E01591,M0150,1,2023-05-11,,1209,0
E01592,M0121,2,2026-04-25,,129,0
E01593,M0161,3,2025-03-03,,547,0
E01594,M0006,2,2024-10-29,2025-07-21,265,1
E01595,M0032,2,2023-08-29,2024-01-07,131,1
E01596,M0144,2,2021-09-12,,1815,0
E01597,M0059,1,2021-09-11,2022-08-25,348,1
E01598,M0176,3,2024-07-11,,782,0
E01599,M0088,3,2022-02-10,2023-10-24,621,1
E01600,M0090,1,2024-01-10,2025-06-04,511,1
E01601,M0157,1,2021-11-28,2021-12-06,8,1
E01602,M0080,2,2022-08-02,2022-08-06,4,1
E01603,M0040,3,2024-05-22,,832,0
E01604,M0054,2,2022-08-20,2025-09-09,1116,1
E01605,M0130,1,2026-08-08,,24,0
E01606,M0167,2,2022-12-14,,1357,0
E01607,M0169,2,2021-12-06,2025-11-08,1433,1
E01608,M0178,1,2023-11-20,2024-01-21,62,1
E01609,M0168,1,2022-02-07,,1667,0
E01610,M0070,1,2023-02-14,,1295,0
E01611,M0178,1,2025-08-26,,371,0
E01612,M0010,2,2025-05-04,,485,0
E01613,M0035,3,2025-10-17,,319,0
E01614,M0091,4,2025-07-10,2026-01-11,185,1
E01615,M0087,3,2022-01-09,,1696,0
E01616,M0009,2,2025-03-24,,526,0
E01617,M0117,2,2025-02-09,,569,0
E01618,M0080,4,2024-08-18,,744,0
E01619,M0132,1,2024-10-25,2025-04-11,168,1
E01620,M0056,1,2022-12-09,,1362,0
E01621,M0154,2,2024-04-06,,878,0
E01622,M0043,1,2026-06-15,,78,0
E01623,M0132,1,2025-06-16,2026-08-16,426,1
E01624,M0136,1,2024-08-23,2026-08-03,710,1
E01625,M0113,2,2026-08-09,,23,0
E01626,M0018,2,2024-07-08,,785,0
E01627,M0001,3,2025-05-30,2026-04-17,322,1
E01628,M0102,2,2022-04-10,2024-05-11,762,1
E01629,M0071,1,2022-01-12,,1693,0
E01630,M0154,2,2023-10-20,,1047,0
E01631,M0125,2,2022-07-18,,1506,0
E01632,M0086,1,2023-09-23,,1074,0
E01633,M0084,2,2023-11-28,,1008,0
E01634,M0069,2,2023-03-04,,1277,0
E01635,M0001,2,2023-09-29,2025-04-22,571,1
E01636,M0165,2,2023-10-23,,1044,0
E01637,M0169,5,2025-08-31,,366,0
E01638,M0069,4,2024-03-23,2024-05-06,44,1
E01639,M0021,2,2023-07-03,,1156,0
E01640,M0162,3,2026-05-06,,118,0
E01641,M0066,1,2024-01-22,,953,0
E01642,M0009,3,2021-11-14,,1752,0
E01643,M0006,3,2026-06-09,,84,0
E01644,M0035,1,2025-02-14,2025-03-20,34,1
E01645,M0174,3,2026-01-20,,224,0
E01646,M0049,3,2025-10-12,,324,0
E01647,M0137,1,2023-12-24,2026-07-26,945,1
E01648,M0118,2,2026-05-08,,116,0
E01649,M0069,3,2025-10-21,,315,0
E01650,M0078,1,2022-12-03,,1368,0
E01651,M0159,2,2025-01-18,2025-03-07,48,1
E01652,M0142,3,2026-02-27,,186,0
E01653,M0038,2,2023-01-18,2023-02-01,14,1
E01654,M0088,1,2023-05-28,2023-08-06,70,1
E01655,M0084,2,2023-04-29,2023-07-09,71,1
E01656,M0101,1,2025-06-15,,443,0
E01657,M0012,2,2026-04-19,,135,0
E01658,M0043,4,2022-08-11,2025-09-10,1126,1
E01659,M0133,2,2025-09-25,2026-01-14,111,1
E01660,M0123,2,2025-11-18,2026-07-15,239,1
E01661,M0089,2,2022-04-05,2023-03-18,347,1
E01662,M0022,2,2021-11-15,2025-07-28,1351,1
E01663,M0068,3,2024-10-21,,680,0
E01664,M0038,1,2025-07-24,2026-05-10,290,1
E01665,M0092,2,2021-10-18,2022-05-18,212,1
E01666,M0087,1,2026-03-24,,161,0
E01667,M0122,1,2024-06-15,2024-08-15,61,1
E01668,M0014,4,2026-01-28,,216,0
E01669,M0161,2,2024-01-27,2024-02-26,30,1
E01670,M0014,4,2023-09-04,,1093,0
E01671,M0104,1,2025-12-09,,266,0
E01672,M0088,1,2022-11-29,,1372,0
E01673,M0094,2,2023-07-26,2024-12-23,516,1
E01674,M0017,3,2026-08-19,,13,0
E01675,M0164,4,2023-06-20,2024-03-29,283,1
E01676,M0069,2,2024-02-08,,936,0
E01677,M0124,5,2022-06-29,,1525,0
E01678,M0000,3,2023-04-16,2023-06-03,48,1
E01679,M0145,2,2021-12-28,2022-04-16,109,1
E01680,M0110,1,2026-06-03,,90,0
E01681,M0010,2,2025-04-22,,497,0
E01682,M0059,3,2023-08-31,,1097,0
E01683,M0087,2,2023-11-13,,1023,0
E01684,M0025,1,2025-04-04,,515,0
E01685,M0053,2,2022-01-14,,1691,0
E01686,M0158,1,2022-01-01,,1704,0
E01687,M0089,3,2026-07-03,,60,0
E01688,M0031,2,2024-08-20,,742,0
E01689,M0130,2,2023-10-05,2023-10-11,6,1
E01690,M0024,5,2023-10-04,,1063,0
E01691,M0143,1,2023-04-17,,1233,0
E01692,M0042,1,2025-01-26,,583,0
E01693,M0090,2,2021-11-28,2024-07-18,963,1
E01694,M0001,1,2021-11-30,2024-10-02,1037,1
E01695,M0137,2,2024-08-15,2024-11-06,83,1
E01696,M0006,2,2024-01-07,2026-06-21,896,1
E01697,M0026,2,2024-03-21,2024-09-02,165,1
E01698,M0138,3,2026-04-15,,139,0
E01699,M0011,1,2024-05-23,2026-07-04,772,1
E01700,M0150,1,2023-09-24,,1073,0
E01701,M0133,1,2026-03-13,,172,0
E01702,M0141,4,2022-11-02,,1399,0
E01703,M0055,4,2024-01-06,,969,0
E01704,M0111,2,2022-09-03,2025-01-15,865,1
E01705,M0148,1,2023-10-15,,1052,0
E01706,M0147,1,2023-04-21,,1229,0
E01707,M0136,4,2026-05-30,,94,0
E01708,M0164,2,2024-01-13,,962,0
E01709,M0110,2,2026-07-13,,50,0
E01710,M0065,5,2026-03-08,2026-06-28,112,1
E01711,M0084,4,2022-12-10,2025-12-16,1102,1
E01712,M0020,2,2026-05-24,,100,0
E01713,M0131,2,2023-12-16,2024-09-30,289,1
E01714,M0105,3,2021-10-14,2023-05-07,570,1
E01715,M0125,1,2024-07-20,2024-09-20,62,1
E01716,M0177,4,2022-01-07,,1698,0
E01717,M0150,1,2023-10-29,2024-02-09,103,1
E01718,M0152,1,2023-02-15,2023-11-06,264,1
E01719,M0060,3,2022-01-29,2022-07-07,159,1
E01720,M0041,3,2021-09-26,2025-08-23,1427,1
E01721,M0001,3,2024-02-28,2024-04-01,33,1
E01722,M0056,3,2021-11-03,2021-11-15,12,1
E01723,M0112,4,2025-02-26,2025-03-30,32,1
E01724,M0177,4,2026-04-18,,136,0
E01725,M0000,3,2025-05-24,2025-07-16,53,1
E01726,M0163,2,2022-05-02,,1583,0
E01727,M0008,3,2023-05-21,,1199,0
E01728,M0120,2,2024-08-12,,750,0
E01729,M0094,3,2023-05-03,,1217,0
E01730,M0042,2,2024-01-23,,952,0
E01731,M0139,2,2022-06-23,2022-07-15,22,1
E01732,M0139,2,2023-08-08,,1120,0
E01733,M0014,1,2025-06-15,2026-01-05,204,1
E01734,M0024,1,2025-11-13,,292,0
E01735,M0129,3,2021-11-21,2022-06-06,197,1
E01736,M0014,3,2022-01-05,2022-07-11,187,1
E01737,M0015,2,2024-01-06,2024-08-10,217,1
E01738,M0101,3,2024-07-21,2024-07-29,8,1
E01739,M0105,1,2023-10-27,2025-10-03,707,1
E01740,M0104,3,2023-07-17,,1142,0
E01741,M0150,1,2026-07-14,,49,0
E01742,M0074,2,2023-09-15,,1082,0
E01743,M0159,1,2021-11-01,2023-03-13,497,1
E01744,M0163,3,2025-08-13,,384,0
E01745,M0091,5,2023-06-17,,1172,0
E01746,M0052,3,2022-11-29,2026-03-02,1189,1
E01747,M0010,4,2022-04-08,,1607,0
E01748,M0034,2,2022-03-01,2023-03-30,394,1
E01749,M0034,3,2024-05-30,2024-12-17,201,1
E01750,M0057,1,2026-07-13,,50,0
E01751,M0105,2,2024-10-01,2024-12-06,66,1
E01752,M0176,5,2024-12-13,,627,0
E01753,M0103,4,2024-03-30,,885,0
E01754,M0043,4,2022-05-23,2024-09-28,859,1
E01755,M0129,1,2021-11-24,,1742,0
E01756,M0047,2,2024-06-13,,810,0
E01757,M0116,1,2024-11-22,2025-09-12,294,1
E01758,M0118,1,2023-11-27,,1009,0
E01759,M0042,4,2022-07-08,,1516,0
E01760,M0101,1,2023-02-17,2023-08-03,167,1
E01761,M0105,4,2022-04-04,2025-11-08,1314,1
E01762,M0161,1,2023-10-06,,1061,0
E01763,M0095,2,2025-08-11,2025-12-06,117,1
E01764,M0076,4,2024-10-15,2025-10-31,381,1
E01765,M0150,4,2025-12-12,,263,0
E01766,M0088,2,2022-10-04,2026-02-05,1220,1
E01767,M0128,3,2024-05-02,,852,0
E01768,M0090,5,2025-12-03,,272,0
E01769,M0025,2,2022-10-25,2024-12-13,780,1
E01770,M0164,1,2021-09-25,,1802,0
E01771,M0080,3,2023-08-24,,1104,0
E01772,M0083,1,2024-06-06,2024-08-16,71,1
E01773,M0116,5,2023-03-23,,1258,0
E01774,M0049,2,2025-05-22,,467,0
E01775,M0062,3,2024-08-09,2024-12-10,123,1
E01776,M0008,1,2023-02-21,2023-03-20,27,1
E01777,M0107,1,2023-02-28,2023-09-19,203,1
E01778,M0119,2,2026-05-22,,102,0
E01779,M0138,2,2026-04-10,,144,0
E01780,M0154,2,2023-07-23,,1136,0
E01781,M0055,1,2024-12-03,,637,0
E01782,M0117,1,2023-11-17,,1019,0
E01783,M0164,1,2023-02-07,2025-04-11,794,1
E01784,M0118,1,2024-05-10,,844,0
E01785,M0018,2,2025-06-24,,434,0
E01786,M0149,1,2021-09-08,2023-08-20,711,1
E01787,M0077,2,2025-07-12,,416,0
E01788,M0144,4,2024-03-21,,894,0
E01789,M0000,1,2024-02-20,2025-03-01,375,1
E01790,M0169,5,2022-08-01,2023-02-22,205,1
E01791,M0156,3,2022-12-30,,1341,0
E01792,M0122,4,2021-11-11,2022-05-21,191,1
E01793,M0011,1,2024-07-09,2025-12-26,535,1
E01794,M0172,2,2025-09-16,,350,0
E01795,M0142,1,2025-04-05,2026-02-06,307,1
E01796,M0114,1,2024-06-29,2025-10-13,471,1
E01797,M0024,1,2022-06-15,2025-02-28,989,1
E01798,M0099,3,2025-03-21,,529,0
E01799,M0126,2,2025-01-06,2026-06-30,540,1
E01800,M0119,3,2023-11-01,,1035,0
E01801,M0123,2,2022-02-02,,1672,0
E01802,M0148,1,2022-04-16,,1599,0
E01803,M0101,1,2025-09-26,2025-11-16,51,1
E01804,M0168,1,2023-06-01,2023-11-30,182,1
E01805,M0008,3,2024-03-09,,906,0
E01806,M0057,1,2022-07-27,,1497,0
E01807,M0027,4,2025-03-22,,528,0
E01808,M0109,2,2025-04-05,2025-04-13,8,1
E01809,M0099,2,2023-06-22,,1167,0
E01810,M0026,4,2022-06-08,,1546,0
E01811,M0174,3,2022-08-31,,1462,0
E01812,M0094,4,2025-11-22,,283,0
E01813,M0046,2,2024-01-13,,962,0
E01814,M0100,3,2023-04-20,2023-07-21,92,1
E01815,M0020,2,2026-02-25,,188,0
E01816,M0170,1,2025-04-09,,510,0
E01817,M0055,3,2025-01-21,,588,0
E01818,M0009,4,2023-10-31,,1036,0
E01819,M0104,2,2024-02-04,,940,0
E01820,M0122,2,2024-12-05,2025-01-13,39,1
E01821,M0084,1,2024-10-08,2024-10-12,4,1
E01822,M0110,3,2024-11-16,,654,0
E01823,M0120,3,2022-09-12,2022-10-30,48,1
E01824,M0000,3,2024-06-01,2025-12-14,561,1
E01825,M0090,1,2023-03-07,2026-03-01,1090,1
E01826,M0023,3,2024-07-07,,786,0
E01827,M0075,1,2022-06-28,2025-04-19,1026,1
E01828,M0097,1,2023-10-25,,1042,0
E01829,M0167,1,2024-01-26,2024-08-03,190,1
E01830,M0006,1,2022-02-04,2022-04-06,61,1
E01831,M0023,4,2023-08-13,2023-08-24,11,1
E01832,M0104,2,2026-06-05,,88,0
E01833,M0123,1,2023-11-17,2025-04-08,508,1
E01834,M0012,1,2023-01-27,,1313,0
E01835,M0037,5,2021-11-27,2023-03-26,484,1
E01836,M0068,4,2024-03-13,2024-09-06,177,1
E01837,M0038,3,2023-07-23,,1136,0
E01838,M0081,3,2023-08-23,2023-10-16,54,1
E01839,M0038,1,2023-02-23,2023-04-14,50,1
E01840,M0049,1,2023-10-18,,1049,0
E01841,M0082,3,2022-02-23,,1651,0
E01842,M0076,3,2026-02-22,,191,0
E01843,M0077,2,2024-09-30,2024-11-19,50,1
E01844,M0069,1,2025-02-26,,552,0
E01845,M0005,3,2025-12-25,,250,0
E01846,M0025,1,2022-06-04,,1550,0
E01847,M0110,4,2023-10-20,,1047,0
E01848,M0134,1,2026-01-20,,224,0
E01849,M0059,3,2021-10-25,2023-11-14,750,1
E01850,M0053,1,2022-11-19,,1382,0
E01851,M0172,1,2025-01-25,2025-06-26,152,1
E01852,M0152,2,2025-06-13,,445,0
E01853,M0038,2,2023-06-11,,1178,0
E01854,M0065,1,2024-01-20,,955,0
E01855,M0039,4,2024-09-14,,717,0
E01856,M0064,1,2022-03-24,,1622,0
E01857,M0056,5,2026-07-03,,60,0
E01858,M0102,2,2024-05-07,2026-05-04,727,1
E01859,M0041,3,2025-01-03,2025-12-23,354,1
E01860,M0109,4,2025-07-03,2025-10-20,109,1
E01861,M0034,1,2024-08-07,,755,0
E01862,M0110,1,2021-12-15,,1721,0
E01863,M0105,2,2024-06-12,,811,0
E01864,M0045,2,2023-12-17,,989,0
E01865,M0147,1,2022-10-17,2023-07-30,286,1
E01866,M0076,1,2026-07-25,,38,0
E01867,M0174,3,2023-06-17,,1172,0
E01868,M0143,2,2024-10-04,,697,0
E01869,M0077,1,2023-02-14,,1295,0
E01870,M0019,1,2024-03-02,2024-03-23,21,1
E01871,M0055,3,2025-03-23,,527,0
E01872,M0087,4,2024-10-23,,678,0
E01873,M0142,4,2026-04-23,,131,0
E01874,M0053,2,2022-10-28,,1404,0
E01875,M0099,2,2024-06-16,,807,0
E01876,M0028,2,2026-06-18,,75,0
E01877,M0017,4,2022-10-07,2022-11-20,44,1
E01878,M0035,2,2024-07-23,2025-01-23,184,1
E01879,M0141,2,2024-05-20,2025-05-27,372,1
E01880,M0050,2,2023-05-01,2023-08-22,113,1
E01881,M0105,2,2025-08-25,2025-11-10,77,1
E01882,M0110,3,2022-09-04,2024-06-17,652,1
E01883,M0055,2,2023-03-21,,1260,0
E01884,M0082,1,2023-05-27,2026-03-28,1036,1
E01885,M0068,3,2024-10-08,,693,0
E01886,M0038,2,2024-08-23,2024-10-13,51,1
E01887,M0013,2,2026-03-19,,166,0
E01888,M0017,4,2021-09-15,,1812,0
E01889,M0023,3,2022-01-10,2024-02-17,768,1
E01890,M0001,1,2026-04-09,,145,0
E01891,M0149,1,2025-02-14,,564,0
E01892,M0058,2,2023-09-11,,1086,0
E01893,M0088,5,2026-03-01,,184,0
E01894,M0076,1,2025-11-12,,293,0
E01895,M0100,3,2021-10-28,,1769,0
E01896,M0075,1,2024-01-20,,955,0
E01897,M0073,2,2023-03-29,,1252,0
E01898,M0169,2,2022-03-10,2023-12-22,652,1
E01899,M0169,2,2024-03-28,2024-08-26,151,1
E01900,M0036,5,2024-10-20,2025-10-28,373,1
E01901,M0078,2,2025-07-12,,416,0
E01902,M0042,5,2023-06-11,2023-07-19,38,1
E01903,M0171,1,2025-01-14,2026-02-09,391,1
E01904,M0051,1,2026-05-08,2026-05-14,6,1
E01905,M0133,2,2026-01-20,,224,0
E01906,M0079,5,2025-09-11,2025-11-02,52,1
E01907,M0089,2,2026-01-10,,234,0
E01908,M0098,1,2024-05-18,,836,0
E01909,M0009,1,2022-01-13,2023-02-10,393,1
E01910,M0046,2,2024-08-08,2026-06-12,673,1
E01911,M0089,4,2025-11-23,,282,0
E01912,M0044,4,2022-11-28,,1373,0
E01913,M0118,5,2024-04-02,2026-01-11,649,1
E01914,M0165,1,2025-01-08,,601,0
E01915,M0049,4,2025-02-28,,550,0
E01916,M0045,2,2022-10-12,,1420,0
E01917,M0009,1,2023-04-15,2024-03-27,347,1
E01918,M0120,2,2023-03-05,,1276,0
E01919,M0102,5,2022-12-31,2024-05-21,507,1
E01920,M0011,2,2024-08-23,,739,0
E01921,M0016,2,2026-01-26,,218,0
E01922,M0075,1,2022-08-08,2022-09-11,34,1
E01923,M0016,2,2024-05-28,,826,0
E01924,M0139,2,2024-10-24,,677,0
E01925,M0172,5,2023-04-30,2023-09-22,145,1
E01926,M0139,2,2025-05-26,,463,0
E01927,M0134,2,2023-05-21,2023-08-11,82,1
E01928,M0000,3,2024-04-02,,882,0
E01929,M0002,2,2022-06-24,2026-04-12,1388,1
E01930,M0102,4,2023-10-29,,1038,0
E01931,M0075,2,2021-12-20,,1716,0
E01932,M0026,3,2024-12-06,,634,0
E01933,M0121,1,2023-02-16,2023-05-11,84,1
E01934,M0167,2,2022-08-18,,1475,0
E01935,M0166,5,2022-11-30,2023-03-30,120,1
E01936,M0140,1,2022-07-08,2023-12-27,537,1
E01937,M0147,2,2023-05-31,2023-08-31,92,1
E01938,M0059,1,2024-10-31,2025-12-22,417,1
E01939,M0075,1,2026-08-15,,17,0
E01940,M0053,1,2026-01-21,,223,0
E01941,M0080,4,2026-06-19,,74,0
E01942,M0125,4,2024-02-09,2024-12-12,307,1
E01943,M0132,3,2023-09-01,2023-09-02,1,1
E01944,M0133,1,2025-04-14,2026-06-21,433,1
E01945,M0055,3,2026-02-08,,205,0
E01946,M0042,3,2024-09-28,,703,0
E01947,M0098,2,2026-05-22,,102,0
E01948,M0021,3,2024-12-08,2026-08-31,631,1
E01949,M0031,2,2022-04-07,,1608,0
E01950,M0107,3,2022-11-27,2022-12-05,8,1
E01951,M0088,1,2022-11-26,,1375,0
E01952,M0179,2,2021-10-16,2022-12-07,417,1
E01953,M0123,2,2023-09-16,,1081,0
E01954,M0036,1,2024-10-18,2024-11-01,14,1
E01955,M0084,1,2026-07-27,,36,0
E01956,M0165,3,2022-08-19,,1474,0
E01957,M0175,5,2024-12-19,,621,0
E01958,M0100,2,2026-05-27,,97,0
E01959,M0101,3,2025-02-14,2026-06-30,501,1
E01960,M0157,1,2021-09-03,2025-08-26,1453,1
E01961,M0036,2,2023-04-18,,1232,0
E01962,M0101,1,2021-12-03,,1733,0
E01963,M0081,2,2021-09-21,2024-01-17,848,1
E01964,M0073,2,2022-03-13,2025-06-20,1195,1
E01965,M0003,2,2021-10-13,,1784,0
E01966,M0110,1,2025-07-16,,412,0
E01967,M0035,2,2024-06-01,,822,0
E01968,M0049,3,2023-05-02,,1218,0
E01969,M0151,4,2024-05-22,,832,0
E01970,M0136,1,2025-07-19,2026-02-28,224,1
E01971,M0042,3,2025-03-29,2026-01-08,285,1
E01972,M0043,5,2026-06-17,,76,0
E01973,M0176,3,2022-01-13,2022-02-13,31,1
E01974,M0015,2,2023-11-16,,1020,0
E01975,M0053,1,2025-10-16,,320,0
E01976,M0150,2,2024-10-28,,673,0
E01977,M0172,2,2022-05-13,,1572,0
E01978,M0011,4,2022-10-13,2022-11-06,24,1
E01979,M0158,5,2023-03-30,2023-04-24,25,1
E01980,M0088,1,2022-08-15,,1478,0
E01981,M0079,3,2025-01-07,,602,0
E01982,M0065,1,2024-12-13,,627,0
E01983,M0120,2,2024-01-28,2026-02-17,751,1
E01984,M0065,2,2022-04-08,,1607,0
E01985,M0018,3,2026-02-01,,212,0
E01986,M0166,1,2021-11-29,2022-03-01,92,1
E01987,M0142,4,2025-08-18,,379,0
E01988,M0071,1,2023-06-07,2023-06-08,1,1
E01989,M0051,2,2024-02-10,,934,0
E01990,M0094,2,2021-10-02,,1795,0
E01991,M0022,2,2026-07-26,,37,0
E01992,M0128,2,2023-01-21,,1319,0
E01993,M0056,3,2024-01-16,2024-04-27,102,1
E01994,M0042,1,2023-07-13,2023-07-30,17,1
E01995,M0170,3,2022-05-06,2022-08-10,96,1
E01996,M0145,2,2022-08-14,,1479,0
E01997,M0115,1,2022-11-14,,1387,0
E01998,M0069,5,2023-06-26,,1163,0
E01999,M0084,1,2023-06-16,2025-01-05,569,1
E02000,M0026,2,2022-07-27,2022-07-28,1,1
E02001,M0046,4,2021-12-18,2024-02-22,796,1
E02002,M0089,1,2026-04-06,,148,0
E02003,M0022,2,2024-08-21,,741,0
E02004,M0049,1,2024-10-18,2025-12-14,422,1
E02005,M0018,4,2024-11-04,2025-06-18,226,1
E02006,M0131,2,2025-06-18,2025-06-23,5,1
E02007,M0023,3,2026-02-24,2026-02-24,0,1
E02008,M0170,1,2023-06-03,2023-09-04,93,1
E02009,M0122,1,2025-10-26,2026-01-20,86,1
E02010,M0036,4,2023-12-09,,997,0
E02011,M0032,1,2022-12-02,,1369,0
E02012,M0046,1,2023-08-30,2025-02-11,531,1
E02013,M0166,3,2026-07-25,2026-07-28,3,1
E02014,M0167,2,2023-08-13,2024-05-11,272,1
E02015,M0146,2,2025-08-27,,370,0
E02016,M0063,1,2025-08-23,,374,0
E02017,M0068,1,2024-02-24,,920,0
E02018,M0030,1,2025-10-17,,319,0
E02019,M0161,3,2024-03-20,,895,0
E02020,M0015,1,2021-10-29,2025-10-18,1450,1
E02021,M0011,4,2024-07-30,2024-08-06,7,1
E02022,M0056,5,2021-10-30,2021-12-24,55,1
E02023,M0094,2,2024-10-22,,679,0
E02024,M0059,3,2024-12-11,2025-12-16,370,1
E02025,M0006,3,2024-08-05,2025-06-08,307,1
E02026,M0097,1,2025-03-31,,519,0
E02027,M0076,2,2024-06-03,2024-06-25,22,1
E02028,M0178,2,2024-02-20,2024-08-10,172,1
E02029,M0092,4,2026-08-13,,19,0
E02030,M0008,1,2023-03-31,,1250,0
E02031,M0158,1,2023-07-15,2024-10-31,474,1
E02032,M0097,2,2024-03-05,,910,0
E02033,M0172,2,2022-08-10,2025-07-02,1057,1
E02034,M0104,1,2024-04-24,,860,0
E02035,M0043,2,2022-11-15,2022-12-12,27,1
E02036,M0125,3,2023-02-15,2023-03-01,14,1
E02037,M0017,2,2024-10-13,2025-07-21,281,1
E02038,M0071,1,2024-07-25,,768,0
E02039,M0066,2,2022-12-12,,1359,0
E02040,M0089,5,2023-11-22,,1014,0
E02041,M0128,4,2025-08-19,2025-11-11,84,1
E02042,M0046,4,2024-10-17,,684,0
E02043,M0104,2,2022-07-13,2024-01-26,562,1
E02044,M0090,2,2024-07-19,2026-07-07,718,1
E02045,M0103,1,2025-11-25,2026-08-25,273,1
E02046,M0016,2,2025-02-15,2026-02-27,377,1
E02047,M0055,3,2025-01-14,2025-03-01,46,1
E02048,M0097,4,2023-08-09,2025-09-05,758,1
E02049,M0026,1,2022-01-28,,1677,0
E02050,M0107,1,2022-10-29,2024-05-07,556,1
E02051,M0138,1,2023-06-18,,1171,0
E02052,M0105,2,2024-09-24,,707,0
E02053,M0106,3,2024-01-01,,974,0
E02054,M0003,1,2023-02-08,,1301,0
E02055,M0170,2,2023-01-31,,1309,0
E02056,M0054,4,2022-09-03,2023-08-30,361,1
E02057,M0154,2,2024-09-05,,726,0
E02058,M0000,1,2023-11-15,,1021,0
E02059,M0113,2,2024-03-17,2024-07-26,131,1
E02060,M0118,1,2026-04-16,,138,0
E02061,M0160,2,2022-02-23,,1651,0
E02062,M0145,2,2025-12-22,,253,0
E02063,M0069,1,2022-07-09,2024-10-03,817,1
E02064,M0108,2,2024-02-10,2025-09-10,578,1
E02065,M0169,2,2024-05-31,,823,0
E02066,M0100,4,2023-07-29,,1130,0
E02067,M0058,2,2022-02-28,2024-12-24,1030,1
E02068,M0103,3,2026-03-06,,179,0
E02069,M0012,2,2026-03-12,,173,0
E02070,M0067,1,2021-09-26,,1801,0
E02071,M0055,1,2023-08-21,,1107,0
E02072,M0164,4,2024-02-02,2024-05-23,111,1
E02073,M0053,5,2024-07-16,,777,0
E02074,M0174,3,2023-05-09,2024-12-28,599,1
E02075,M0039,2,2021-11-12,2022-08-17,278,1
E02076,M0090,3,2022-08-28,,1465,0
E02077,M0087,4,2022-11-12,2023-01-25,74,1
E02078,M0083,2,2024-02-04,2025-04-24,445,1
E02079,M0154,5,2022-08-04,,1489,0
E02080,M0170,2,2025-01-14,2025-03-02,47,1
E02081,M0106,3,2025-08-15,,382,0
E02082,M0119,3,2025-07-30,2026-05-04,278,1
E02083,M0136,2,2024-11-03,,667,0
E02084,M0017,3,2022-11-25,2024-01-02,403,1
E02085,M0022,3,2023-08-21,,1107,0
E02086,M0144,2,2021-10-02,,1795,0
E02087,M0140,3,2024-12-10,,630,0
E02088,M0004,2,2022-06-30,2024-07-14,745,1
E02089,M0105,3,2024-09-29,2024-10-16,17,1
E02090,M0018,1,2025-06-07,,451,0
E02091,M0077,5,2024-08-08,2025-06-03,299,1
E02092,M0129,3,2026-03-08,,177,0
E02093,M0090,2,2024-11-08,2025-05-06,179,1
E02094,M0038,2,2022-02-25,2024-05-05,800,1
E02095,M0055,2,2021-11-02,,1764,0
E02096,M0063,2,2025-06-10,,448,0
E02097,M0054,1,2025-06-01,2025-07-27,56,1
E02098,M0123,3,2023-05-11,,1209,0
E02099,M0178,5,2022-02-15,2023-03-14,392,1
E02100,M0097,3,2024-04-30,2024-08-29,121,1
E02101,M0078,3,2021-12-15,2024-08-15,974,1
E02102,M0096,4,2024-10-09,,692,0
E02103,M0038,2,2026-05-22,2026-07-05,44,1
E02104,M0053,1,2026-04-03,,151,0
E02105,M0146,2,2026-05-29,2026-06-04,6,1
E02106,M0062,5,2024-02-27,2025-11-19,631,1
E02107,M0033,2,2023-11-16,,1020,0
E02108,M0157,1,2024-12-20,2026-05-28,524,1
E02109,M0101,2,2023-12-13,2026-06-16,916,1
E02110,M0131,2,2025-09-14,2026-03-13,180,1
E02111,M0100,2,2022-06-06,2022-07-04,28,1
E02112,M0005,1,2024-02-08,2024-11-21,287,1
E02113,M0048,2,2023-04-12,,1238,0
E02114,M0003,5,2024-12-29,,611,0
E02115,M0005,2,2025-04-10,,509,0
E02116,M0048,2,2024-02-07,,937,0
E02117,M0169,2,2025-09-21,,345,0
E02118,M0016,1,2023-07-15,,1144,0
E02119,M0116,2,2025-11-03,2025-12-29,56,1
E02120,M0049,2,2022-07-22,2022-09-12,52,1
E02121,M0081,2,2024-06-21,,802,0
E02122,M0045,1,2023-04-27,,1223,0
E02123,M0049,4,2024-07-25,,768,0
E02124,M0093,2,2023-08-27,2026-08-27,1096,1
E02125,M0038,2,2022-05-24,,1561,0
E02126,M0098,2,2021-11-05,,1761,0
E02127,M0125,1,2024-05-15,,839,0
E02128,M0018,4,2023-11-13,,1023,0
E02129,M0106,4,2025-04-17,,502,0
E02130,M0165,2,2025-12-18,,257,0
E02131,M0079,3,2024-01-07,2024-09-07,244,1
E02132,M0106,3,2024-07-03,,790,0
E02133,M0037,1,2022-08-16,,1477,0
E02134,M0129,4,2022-10-05,2023-07-28,296,1
E02135,M0103,4,2021-11-21,2022-01-31,71,1
E02136,M0136,2,2023-07-21,2024-11-22,490,1
E02137,M0055,2,2021-11-13,,1753,0
E02138,M0095,1,2024-02-05,2025-06-18,499,1
E02139,M0163,2,2023-05-27,2025-01-05,589,1
E02140,M0142,2,2024-05-12,,842,0
E02141,M0094,3,2025-03-08,,542,0
E02142,M0109,4,2026-02-27,,186,0
E02143,M0121,2,2025-09-19,,347,0
E02144,M0043,1,2023-12-04,2024-04-10,128,1
E02145,M0075,2,2024-10-23,,678,0
E02146,M0074,1,2024-08-22,,740,0
E02147,M0174,1,2025-09-01,2025-09-06,5,1
E02148,M0172,2,2024-09-29,2025-02-23,147,1
E02149,M0009,1,2023-05-16,2024-06-04,385,1
E02150,M0084,1,2026-07-31,,32,0
E02151,M0039,1,2024-04-08,,876,0
E02152,M0162,3,2024-12-05,,635,0
E02153,M0096,1,2024-08-29,,733,0
E02154,M0174,2,2024-05-05,,849,0
E02155,M0148,3,2024-09-23,2024-10-08,15,1
E02156,M0069,4,2023-08-23,2024-09-26,400,1
E02157,M0011,3,2022-03-16,2025-03-17,1097,1
E02158,M0119,2,2022-04-18,2024-07-12,816,1
E02159,M0056,1,2022-04-23,2023-10-17,542,1
E02160,M0020,3,2025-03-24,2026-02-24,337,1
E02161,M0032,2,2023-03-04,,1277,0
E02162,M0128,5,2022-10-08,2023-01-10,94,1
E02163,M0155,2,2022-08-24,,1469,0
E02164,M0172,4,2024-04-18,,866,0
E02165,M0160,3,2023-08-11,2023-09-13,33,1
E02166,M0160,4,2023-12-23,2024-12-05,348,1
E02167,M0003,2,2022-06-02,,1552,0
E02168,M0019,2,2023-01-22,2025-10-12,994,1
E02169,M0115,4,2024-11-29,,641,0
E02170,M0027,1,2026-03-18,,167,0
E02171,M0089,2,2025-03-03,,547,0
E02172,M0014,3,2024-03-22,,893,0
E02173,M0094,3,2024-12-04,,636,0
E02174,M0144,1,2023-06-13,2025-08-01,780,1
E02175,M0034,2,2026-03-26,2026-04-03,8,1
E02176,M0059,3,2023-12-25,2025-12-23,729,1
E02177,M0080,2,2022-08-02,,1491,0
E02178,M0133,1,2025-06-13,2025-09-09,88,1
E02179,M0091,2,2026-08-01,,31,0
E02180,M0114,1,2026-07-31,,32,0
E02181,M0019,1,2022-12-08,2024-01-09,397,1
E02182,M0151,1,2021-12-31,2022-02-15,46,1
E02183,M0122,2,2026-03-28,2026-07-20,114,1
E02184,M0151,3,2025-10-28,,308,0
E02185,M0103,1,2022-02-06,2023-03-20,407,1
E02186,M0163,1,2026-06-29,,64,0
E02187,M0143,2,2023-10-23,,1044,0
E02188,M0136,1,2021-10-16,,1781,0
E02189,M0118,4,2024-03-05,2024-03-08,3,1
E02190,M0011,1,2024-04-25,2024-10-19,177,1
E02191,M0178,2,2024-07-18,,775,0
E02192,M0157,1,2023-06-22,,1167,0
E02193,M0051,4,2023-02-20,,1289,0
E02194,M0026,2,2024-01-27,,948,0
E02195,M0088,4,2025-03-14,2025-04-09,26,1
E02196,M0062,1,2022-04-30,2025-01-13,989,1
E02197,M0068,2,2022-01-15,2023-12-08,692,1
E02198,M0026,3,2025-10-27,,309,0
E02199,M0179,2,2021-09-20,,1807,0
E02200,M0154,2,2022-10-31,,1401,0
E02201,M0054,1,2026-02-03,,210,0
E02202,M0113,3,2025-08-24,,373,0
E02203,M0039,3,2023-08-29,2026-02-07,893,1
E02204,M0132,1,2024-10-23,2025-11-09,382,1
E02205,M0080,1,2021-12-16,,1720,0
E02206,M0134,2,2025-12-03,,272,0
E02207,M0090,1,2023-11-09,2024-02-16,99,1
E02208,M0001,1,2024-08-26,2025-01-10,137,1
E02209,M0080,4,2023-05-25,,1195,0
E02210,M0110,2,2023-09-25,2025-03-02,524,1
E02211,M0056,4,2026-01-05,,239,0
E02212,M0079,4,2026-04-07,,147,0
E02213,M0101,2,2023-08-19,,1109,0
E02214,M0088,1,2025-11-25,,280,0
E02215,M0178,2,2026-08-24,,8,0
E02216,M0113,3,2024-08-14,2025-03-16,214,1
E02217,M0124,3,2023-10-20,,1047,0
E02218,M0038,1,2025-07-05,2025-07-26,21,1
E02219,M0128,2,2022-09-26,2025-01-09,836,1
E02220,M0151,1,2024-03-16,2025-08-02,504,1
E02221,M0042,3,2024-04-13,2024-08-07,116,1
E02222,M0063,2,2025-08-23,,374,0
E02223,M0123,2,2023-08-21,,1107,0
E02224,M0129,2,2026-06-02,,91,0
E02225,M0154,3,2024-07-29,2026-01-14,534,1
E02226,M0140,4,2022-05-17,,1568,0
E02227,M0018,3,2022-06-19,,1535,0
E02228,M0000,2,2023-09-24,2024-03-24,182,1
E02229,M0001,3,2025-09-27,,339,0
E02230,M0137,1,2024-11-20,2026-04-16,512,1
E02231,M0103,2,2025-09-08,2026-02-25,170,1
E02232,M0015,1,2024-02-07,,937,0
E02233,M0054,2,2025-05-07,2025-11-21,198,1
E02234,M0111,3,2025-08-03,2025-08-03,0,1
E02235,M0032,1,2026-08-24,,8,0
E02236,M0174,4,2021-09-12,,1815,0
E02237,M0172,1,2025-01-24,,585,0
E02238,M0160,2,2025-07-01,2026-06-28,362,1
E02239,M0027,4,2021-11-08,,1758,0
E02240,M0152,1,2025-07-01,2025-12-16,168,1
E02241,M0092,2,2022-09-04,2022-10-07,33,1
E02242,M0011,2,2024-10-06,,695,0
E02243,M0102,3,2026-02-12,,201,0
E02244,M0112,2,2023-08-10,,1118,0
E02245,M0099,2,2023-02-10,,1299,0
E02246,M0094,2,2023-06-17,,1172,0
E02247,M0134,3,2022-07-31,,1493,0
E02248,M0133,5,2022-06-21,2022-10-16,117,1
E02249,M0001,2,2024-10-06,2024-12-30,85,1
E02250,M0167,5,2021-10-02,2023-06-04,610,1
E02251,M0019,1,2022-01-27,2022-02-14,18,1
E02252,M0171,2,2025-01-21,,588,0
E02253,M0026,2,2022-12-01,2022-12-27,26,1
E02254,M0056,3,2026-04-20,2026-07-02,73,1
E02255,M0090,3,2022-05-30,,1555,0
E02256,M0086,1,2023-01-01,2023-03-22,80,1
E02257,M0172,4,2022-07-23,2024-04-30,647,1
E02258,M0020,3,2022-11-30,,1371,0
E02259,M0095,1,2022-05-26,2024-01-15,599,1
E02260,M0098,2,2023-01-13,,1327,0
E02261,M0061,1,2022-11-08,,1393,0
E02262,M0133,2,2023-11-08,2025-07-03,603,1
E02263,M0034,2,2023-01-08,2024-06-21,530,1
E02264,M0101,3,2025-03-28,2025-10-16,202,1
E02265,M0047,3,2021-09-15,2021-10-21,36,1
E02266,M0004,3,2022-05-26,2023-11-09,532,1
E02267,M0045,3,2025-07-09,,419,0
E02268,M0050,4,2022-05-11,2023-11-11,549,1
E02269,M0136,2,2023-01-25,,1315,0
E02270,M0064,1,2022-10-01,,1431,0
E02271,M0117,1,2021-11-02,,1764,0
E02272,M0124,2,2026-03-12,,173,0
E02273,M0019,2,2023-08-24,2024-11-17,451,1
E02274,M0029,2,2025-12-23,,252,0
E02275,M0012,3,2024-05-28,,826,0
E02276,M0071,2,2022-01-17,,1688,0
E02277,M0069,4,2023-12-21,2025-05-28,524,1
E02278,M0121,3,2022-07-15,2022-08-22,38,1
E02279,M0000,3,2022-05-19,,1566,0
E02280,M0023,2,2023-11-30,2024-02-19,81,1
E02281,M0170,1,2022-11-13,2024-10-14,701,1
E02282,M0075,2,2021-12-09,,1727,0
E02283,M0059,3,2024-03-07,,908,0
E02284,M0015,1,2023-09-18,,1079,0
E02285,M0147,1,2023-10-04,2026-07-08,1008,1
E02286,M0075,1,2025-06-16,,442,0
E02287,M0174,1,2023-03-06,,1275,0
E02288,M0004,3,2022-04-05,,1610,0
E02289,M0021,2,2022-10-16,2023-05-23,219,1
E02290,M0024,2,2025-01-18,,591,0
E02291,M0142,2,2025-04-28,,491,0
E02292,M0066,1,2022-09-02,,1460,0
E02293,M0083,3,2024-10-22,2024-12-12,51,1
E02294,M0092,1,2023-03-03,2023-07-15,134,1
E02295,M0000,2,2025-12-18,2026-04-17,120,1
E02296,M0104,4,2025-10-22,,314,0
E02297,M0040,2,2024-03-01,,914,0
E02298,M0107,3,2026-07-28,,35,0
E02299,M0161,4,2025-06-05,,453,0
E02300,M0112,3,2024-10-09,2024-12-12,64,1
E02301,M0006,5,2026-01-12,,232,0
E02302,M0167,1,2025-11-13,2026-02-14,93,1
E02303,M0076,1,2026-06-10,,83,0
E02304,M0161,3,2023-07-11,,1148,0
E02305,M0103,4,2022-10-22,,1410,0
E02306,M0179,3,2023-04-16,2024-07-16,457,1
E02307,M0038,3,2023-03-04,2023-03-19,15,1
E02308,M0135,2,2023-08-27,,1101,0
E02309,M0045,2,2021-09-15,2024-04-16,944,1
E02310,M0126,2,2025-02-03,2025-03-01,26,1
E02311,M0172,2,2026-03-25,,160,0
E02312,M0114,1,2026-08-14,,18,0
E02313,M0174,2,2023-10-26,2024-06-14,232,1
E02314,M0178,4,2021-12-06,2023-02-23,444,1
E02315,M0111,1,2023-02-10,2026-08-25,1292,1
E02316,M0088,3,2023-04-25,2026-06-13,1145,1
E02317,M0074,2,2026-02-18,,195,0
E02318,M0015,3,2021-12-06,,1730,0
E02319,M0132,2,2022-01-24,2022-01-24,0,1
E02320,M0060,1,2025-12-21,2026-03-10,79,1
E02321,M0121,2,2025-04-03,,516,0
E02322,M0056,1,2023-01-06,2023-03-30,83,1
E02323,M0139,2,2022-12-21,,1350,0
E02324,M0008,4,2026-08-28,,4,0
E02325,M0168,5,2023-01-12,,1328,0
E02326,M0068,3,2022-01-15,,1690,0
E02327,M0052,4,2024-09-02,,729,0
E02328,M0111,4,2022-10-17,2023-12-12,421,1
E02329,M0111,3,2025-10-04,2026-05-11,219,1
E02330,M0103,5,2023-04-24,2023-08-23,121,1
E02331,M0142,4,2025-02-05,2026-02-07,367,1
E02332,M0179,2,2024-06-22,,801,0
E02333,M0153,5,2022-06-03,2024-05-08,705,1
E02334,M0113,4,2022-02-18,2023-11-24,644,1
E02335,M0156,1,2022-12-21,2023-07-20,211,1
E02336,M0008,3,2022-10-17,,1415,0
E02337,M0176,1,2024-03-14,,901,0
E02338,M0002,2,2022-07-12,2022-08-24,43,1
E02339,M0060,2,2024-05-18,2026-01-26,618,1
E02340,M0159,2,2023-05-12,2024-05-15,369,1
E02341,M0143,3,2026-06-06,,87,0
E02342,M0020,3,2023-11-23,,1013,0
E02343,M0116,1,2023-07-11,,1148,0
E02344,M0174,1,2022-10-16,,1416,0
E02345,M0128,2,2025-11-28,,277,0
E02346,M0006,3,2023-04-27,2023-06-05,39,1
E02347,M0053,4,2025-05-01,2026-08-19,475,1
E02348,M0122,3,2024-10-31,2024-12-29,59,1
E02349,M0017,2,2025-11-13,,292,0
E02350,M0068,4,2025-12-24,,251,0
E02351,M0066,1,2024-12-04,,636,0
E02352,M0126,2,2023-07-16,,1143,0
E02353,M0055,4,2024-06-26,,797,0
E02354,M0091,3,2026-06-19,,74,0
E02355,M0162,1,2024-03-03,2025-03-31,393,1
E02356,M0095,3,2025-04-11,,508,0
E02357,M0067,2,2022-08-30,2022-12-07,99,1
E02358,M0020,3,2025-06-16,,442,0
E02359,M0020,2,2026-01-15,,229,0
E02360,M0167,2,2022-10-28,2023-07-12,257,1
E02361,M0112,4,2025-11-17,,288,0
E02362,M0120,2,2026-03-19,,166,0
E02363,M0016,1,2023-08-06,,1122,0
E02364,M0113,2,2025-03-15,,535,0
E02365,M0162,3,2025-05-04,,485,0
E02366,M0097,2,2026-06-06,,87,0
E02367,M0028,2,2023-07-04,2024-04-30,301,1
E02368,M0159,1,2024-01-10,2024-03-19,69,1
E02369,M0003,1,2025-10-25,,311,0
E02370,M0021,1,2022-03-08,2022-05-19,72,1
E02371,M0140,1,2023-02-01,,1308,0
E02372,M0100,1,2025-02-08,,570,0
E02373,M0090,1,2024-03-21,2024-09-01,164,1
E02374,M0146,2,2022-06-08,2022-10-04,118,1
E02375,M0022,1,2026-07-31,,32,0
E02376,M0162,1,2023-04-13,,1237,0
E02377,M0059,1,2026-03-05,,180,0
E02378,M0091,2,2025-08-17,,380,0
E02379,M0101,2,2024-11-10,,660,0
E02380,M0044,4,2026-03-07,,178,0
E02381,M0129,1,2023-04-25,,1225,0
E02382,M0041,2,2026-08-13,,19,0
E02383,M0134,4,2022-11-22,,1379,0
E02384,M0020,2,2026-07-05,,58,0
E02385,M0159,1,2024-05-28,2025-03-04,280,1
E02386,M0059,3,2023-10-24,,1043,0
E02387,M0104,2,2025-04-23,,496,0
E02388,M0121,1,2022-02-01,,1673,0
E02389,M0095,2,2025-06-01,,457,0
E02390,M0121,2,2023-06-27,2025-06-04,708,1
E02391,M0125,2,2021-11-08,2022-08-11,276,1
E02392,M0066,4,2022-08-25,,1468,0
E02393,M0055,1,2024-05-30,,824,0
E02394,M0095,3,2023-05-05,2024-05-15,376,1
E02395,M0133,4,2023-06-22,2025-05-17,695,1
E02396,M0165,2,2024-05-11,2026-05-05,724,1
E02397,M0106,3,2026-07-18,,45,0
E02398,M0129,1,2023-10-25,,1042,0
E02399,M0106,3,2023-01-07,2023-04-29,112,1
E02400,M0169,2,2026-03-30,,155,0
E02401,M0156,3,2022-01-02,2025-07-01,1276,1
E02402,M0162,2,2024-02-12,,932,0
E02403,M0148,2,2024-07-10,,783,0
E02404,M0027,3,2024-10-13,2025-06-29,259,1
E02405,M0159,3,2025-12-14,2026-06-19,187,1
E02406,M0029,4,2025-02-16,2025-03-13,25,1
E02407,M0063,5,2022-11-01,,1400,0
E02408,M0094,3,2025-12-19,,256,0
E02409,M0178,2,2022-10-24,2024-05-18,572,1
E02410,M0165,5,2025-02-18,,560,0
E02411,M0027,3,2024-12-21,2025-01-01,11,1
E02412,M0176,2,2022-01-10,2025-06-05,1242,1
E02413,M0076,2,2025-12-05,,270,0
E02414,M0173,5,2022-06-05,,1549,0
E02415,M0125,1,2024-06-26,2025-01-03,191,1
E02416,M0138,3,2026-03-24,,161,0
E02417,M0021,2,2024-04-01,,883,0
E02418,M0001,1,2026-08-15,,17,0
E02419,M0026,2,2024-04-06,,878,0
E02420,M0110,1,2026-06-24,,69,0
E02421,M0036,1,2023-07-30,2024-06-22,328,1
E02422,M0125,2,2023-07-15,2024-06-03,324,1
E02423,M0097,3,2022-11-12,2022-12-10,28,1
E02424,M0090,1,2022-10-04,2023-01-03,91,1
E02425,M0090,1,2022-09-12,2022-11-14,63,1
E02426,M0124,4,2023-01-05,,1335,0
E02427,M0122,2,2025-07-26,,402,0
E02428,M0052,2,2022-12-25,,1346,0
E02429,M0077,2,2026-01-01,,243,0
E02430,M0130,2,2023-07-29,2023-08-04,6,1
E02431,M0052,1,2023-04-06,2025-07-07,823,1
E02432,M0076,4,2022-04-18,2023-06-13,421,1
E02433,M0051,3,2022-04-04,2024-05-15,772,1
E02434,M0058,4,2024-07-07,,786,0
E02435,M0172,1,2021-09-08,2024-04-14,949,1
E02436,M0039,3,2025-03-23,,527,0
E02437,M0043,2,2023-06-05,2023-06-24,19,1
E02438,M0094,3,2023-01-15,2024-01-08,358,1
E02439,M0101,1,2023-09-04,2023-10-04,30,1
E02440,M0121,2,2023-06-23,,1166,0
E02441,M0114,3,2023-11-07,,1029,0
E02442,M0131,4,2022-07-29,2023-05-05,280,1
E02443,M0079,1,2023-02-20,,1289,0
E02444,M0033,4,2022-05-16,2023-07-17,427,1
E02445,M0105,4,2023-08-22,2024-09-30,405,1
E02446,M0174,3,2025-03-30,,520,0
E02447,M0144,1,2026-08-02,,30,0
E02448,M0067,1,2022-08-08,,1485,0
E02449,M0016,2,2025-03-05,2026-06-25,477,1
E02450,M0058,4,2024-03-07,,908,0
E02451,M0059,1,2023-07-29,,1130,0
E02452,M0016,2,2025-03-22,,528,0
E02453,M0040,1,2025-03-13,2026-03-01,353,1
E02454,M0136,2,2024-06-11,,812,0
E02455,M0095,2,2025-11-18,,287,0
E02456,M0071,3,2021-12-09,2025-08-15,1345,1
E02457,M0156,1,2023-10-28,,1039,0
E02458,M0116,3,2025-09-25,,341,0
E02459,M0039,1,2026-01-11,2026-02-10,30,1
E02460,M0161,2,2025-07-11,,417,0
E02461,M0065,2,2022-04-19,2022-09-09,143,1
E02462,M0014,1,2023-08-02,2025-10-06,796,1
E02463,M0089,1,2026-01-11,,233,0
E02464,M0054,3,2021-11-11,,1755,0
E02465,M0074,3,2022-06-15,,1539,0
E02466,M0059,1,2025-05-10,,479,0
E02467,M0128,1,2024-10-27,,674,0
E02468,M0124,3,2022-07-16,,1508,0
E02469,M0163,3,2024-12-13,2025-02-24,73,1
E02470,M0087,2,2024-02-01,2024-03-30,58,1
E02471,M0132,1,2026-07-13,2026-07-16,3,1
E02472,M0143,4,2024-05-13,,841,0
E02473,M0133,3,2026-07-20,2026-07-21,1,1
E02474,M0045,4,2025-11-20,,285,0
E02475,M0112,1,2022-05-11,,1574,0
E02476,M0085,3,2024-01-19,,956,0
E02477,M0083,2,2024-08-25,2024-11-23,90,1
E02478,M0003,4,2026-05-19,,105,0
E02479,M0178,2,2022-02-03,2023-09-25,599,1
E02480,M0057,2,2024-03-31,,884,0
E02481,M0127,2,2025-07-16,2025-08-12,27,1
E02482,M0053,5,2026-06-05,,88,0
E02483,M0023,3,2023-12-29,,977,0
E02484,M0083,5,2025-06-13,,445,0
E02485,M0140,5,2024-08-18,,744,0
E02486,M0144,2,2024-06-18,,805,0
E02487,M0032,3,2026-03-29,,156,0
E02488,M0144,5,2023-01-02,2025-06-26,906,1
E02489,M0012,2,2026-01-28,,216,0
E02490,M0046,2,2021-10-04,2024-03-20,898,1
E02491,M0090,2,2024-12-23,,617,0
E02492,M0019,2,2021-11-17,2021-11-23,6,1
E02493,M0111,3,2023-11-22,2024-04-05,135,1
E02494,M0091,4,2025-04-04,2025-06-11,68,1
E02495,M0103,5,2023-09-28,,1069,0
E02496,M0023,1,2022-03-18,2023-07-05,474,1
E02497,M0168,1,2022-04-05,2023-09-12,525,1
E02498,M0097,2,2022-03-22,,1624,0
E02499,M0160,3,2022-08-30,2022-10-25,56,1
